,CO,County Code,Lead,NO2,Ozone,PM10,PM2.5,SO2,State,Year
0,9.05,2091.6,,,0.054000000000000006,14.0,,,AK,1999.0
1,12.05,1083.5263157894738,,,0.08822222222222222,29.076923076923077,19.159999999999997,5.2,AL,1999.0
2,4.0,5098.2,,12.0,0.08475,32.0,,3.5,AR,1999.0
3,5.949999999999999,4015.8,,29.5,0.07850000000000001,33.875,10.75,5.5,AZ,1999.0
4,4.2628571428571425,6057.518518518518,,19.685714285714287,0.08755102040816326,32.91304347826087,17.036363636363635,2.2857142857142856,CA,1999.0
5,4.375,8060.789473684211,,15.666666666666666,0.07169999999999999,25.533333333333335,6.9,3.5,CO,1999.0
6,4.133333333333334,9007.0,,20.666666666666668,0.10028571428571428,22.0,17.2,5.666666666666667,CT,1999.0
7,3.0,10003.0,,18.0,0.09966666666666667,,13.833333333333334,7.0,DE,1999.0
8,3.8125000000000004,12072.0,,12.444444444444445,0.07999999999999999,21.956521739130434,11.424999999999999,3.5,FL,1999.0
9,3.55,13140.09090909091,,14.5,0.09980000000000001,26.11111111111111,21.900000000000002,3.1666666666666665,GA,1999.0
10,2.1,15004.333333333334,,4.0,0.046,17.5,5.0,5.5,HI,1999.0
11,2.75,19133.166666666668,,,0.07355555555555555,33.25,,5.6,IA,1999.0
12,5.133333333333334,16044.6,,21.0,0.068,26.285714285714285,8.36,5.5,ID,1999.0
13,3.1833333333333336,17107.956521739132,,20.0,0.085,27.7,17.122222222222224,5.357142857142857,IL,1999.0
14,3.04,18086.931034482757,,14.666666666666666,0.09165000000000002,27.285714285714285,16.5,6.642857142857143,IN,1999.0
15,2.9,20140.777777777777,,4.0,0.07966666666666666,32.0,12.100000000000001,4.0,KS,1999.0
16,2.3875,21115.129032258064,,13.8,0.09214285714285715,25.428571428571427,17.5,6.3,KY,1999.0
17,3.9,22059.956521739132,,11.3,0.0864,27.0,14.341666666666667,3.8333333333333335,LA,1999.0
18,4.325,25013.6,,19.5,0.09066666666666666,24.333333333333332,12.75,5.833333333333333,MA,1999.0
19,4.949999999999999,24057.071428571428,,22.0,0.10023076923076922,19.833333333333332,,6.0,MD,1999.0
20,,23088.333333333332,,,0.0798,18.833333333333332,,3.0,ME,1999.0
21,3.3000000000000003,26082.0,,18.0,0.09219047619047618,23.666666666666668,12.883333333333335,3.8333333333333335,MI,1999.0
22,2.6142857142857143,27092.454545454544,,15.333333333333334,0.07266666666666667,28.25,,1.4,MN,1999.0
23,3.6400000000000006,29135.266666666666,,16.833333333333332,0.08881818181818181,24.333333333333332,13.358333333333333,4.454545454545454,MO,1999.0
24,5.0,28062.8,,8.0,0.08555555555555555,20.0,,2.3333333333333335,MS,1999.0
25,4.666666666666667,30056.53846153846,,4.0,0.057999999999999996,23.818181818181817,8.0,4.2,MT,1999.0
26,3.6999999999999993,37094.318181818184,,17.0,0.09100000000000001,23.6875,15.362499999999999,5.25,NC,1999.0
27,,38049.72727272727,,3.3333333333333335,0.06066666666666667,12.5,7.300000000000001,1.7777777777777777,ND,1999.0
28,7.25,31059.0,,,0.0665,38.666666666666664,10.6,,NE,1999.0
29,5.3,33010.0,,9.0,0.07855555555555555,19.5,10.8,4.2,NH,1999.0
30,4.355555555555556,34017.875,,24.285714285714285,0.10276923076923078,27.666666666666668,12.9,5.0,NJ,1999.0
31,2.6599999999999993,35029.307692307695,,11.0,0.07366666666666667,22.2,5.75,3.4,NM,1999.0
32,6.0,32098.166666666668,,27.0,0.07450000000000001,45.333333333333336,10.100000000000001,1.0,NV,1999.0
33,3.327272727272728,36060.44827586207,,29.8,0.09028000000000003,13.333333333333334,,5.1,NY,1999.0
34,2.777777777777778,39091.55319148936,,23.5,0.09276470588235297,25.8,16.728571428571428,6.454545454545454,OH,1999.0
35,2.183333333333333,40076.230769230766,,11.0,0.08412499999999999,,,5.0,OK,1999.0
36,5.3428571428571425,41037.53333333333,,,0.0635,25.0,8.559999999999999,,OR,1999.0
37,2.5652173913043477,42061.84848484849,,17.571428571428573,0.09639285714285717,33.0,,7.75,PA,1999.0
38,9.9,72089.8,,,,36.0,,,PR,1999.0
39,3.9,44006.333333333336,,24.0,0.09,21.5,,7.0,RI,1999.0
40,4.166666666666667,45043.92307692308,,10.75,0.08883333333333335,23.857142857142858,14.85,1.8,SC,1999.0
41,,46071.0,,,0.064,24.666666666666668,9.8,,SD,1999.0
42,3.216666666666667,47107.42857142857,,15.333333333333334,0.09776470588235293,29.272727272727273,17.46666666666667,6.0,TN,1999.0
43,4.0249999999999995,48230.72727272727,,14.363636363636363,0.09154545454545455,32.7,,3.75,TX,1999.0
44,5.08,49032.333333333336,,24.5,0.07583333333333335,35.0,9.924999999999999,3.0,UT,1999.0
45,3.2249999999999996,51283.030303030304,,17.77777777777778,0.09255555555555556,19.571428571428573,,5.125,VA,1999.0
46,,78015.0,,,0.046,,,1.0,VI,1999.0
47,2.25,50013.5,,14.5,0.0805,17.666666666666668,9.649999999999999,3.5,VT,1999.0
48,5.685714285714285,53044.46666666667,,19.0,0.05770000000000001,22.545454545454547,9.959999999999999,1.0,WA,1999.0
49,1.9000000000000004,55079.903225806454,,22.0,0.08944444444444445,20.2,11.866666666666667,3.8,WI,1999.0
50,3.3000000000000003,54051.166666666664,,,0.09300000000000001,24.428571428571427,16.785714285714285,11.875,WV,1999.0
51,,56020.6,,,0.071,25.875,7.55,,WY,1999.0
0,7.2,2091.6,,,0.044000000000000004,19.0,8.425,,AK,2000.0
1,9.3,1077.2857142857142,,,0.08839999999999999,25.857142857142858,17.533333333333335,6.0,AL,2000.0
2,2.9,5102.6,,10.0,0.08199999999999999,29.0,14.366666666666667,3.5,AR,2000.0
3,5.95,4015.8,,26.5,0.074,34.875,9.883333333333335,3.6666666666666665,AZ,2000.0
4,3.802777777777779,6058.584905660377,,18.058823529411764,0.08339583333333335,32.795918367346935,14.058620689655172,2.4,CA,2000.0
5,4.0375,8061.173913043478,,17.25,0.07263636363636362,24.61904761904762,8.666666666666668,2.5,CO,2000.0
6,4.3,9007.0,,20.0,0.08457142857142856,22.4,14.175,5.0,CT,2000.0
7,2.6,10003.0,,,0.09433333333333334,26.0,14.433333333333332,7.0,DE,2000.0
8,3.2625,12069.633333333333,,12.2,0.07917391304347825,22.68421052631579,11.187499999999998,3.357142857142857,FL,2000.0
9,2.9000000000000004,13142.785714285714,,13.5,0.09405263157894739,27.8,17.76923076923077,3.3333333333333335,GA,2000.0
10,2.0,15004.333333333334,,5.0,0.0435,20.5,4.9,5.0,HI,2000.0
11,3.35,19114.444444444445,,,0.07289999999999999,27.333333333333332,10.583333333333334,3.142857142857143,IA,2000.0
12,3.7999999999999994,16044.733333333334,,,0.068,31.46153846153846,9.711111111111114,5.5,ID,2000.0
13,2.5166666666666666,17111.24,,19.666666666666668,0.07485,29.5,15.433333333333335,4.8,IL,2000.0
14,3.1399999999999997,18085.8,,14.0,0.0828076923076923,24.4375,15.746153846153845,6.882352941176471,IN,2000.0
15,3.8,20149.0,,10.5,0.08180000000000001,25.285714285714285,11.883333333333335,2.6666666666666665,KS,2000.0
16,2.075,21113.25,,13.4,0.08239285714285714,24.3,16.036363636363635,5.3,KY,2000.0
17,3.8,22061.8,,11.857142857142858,0.08947619047619046,24.0,13.507142857142856,3.3333333333333335,LA,2000.0
18,3.2249999999999996,25014.0,,19.5,0.07725,21.75,10.25,4.833333333333333,MA,2000.0
19,3.4,24057.071428571428,,20.0,0.09158333333333334,22.4,15.35,6.0,MD,2000.0
20,,23088.333333333332,,10.0,0.06788888888888889,16.666666666666668,,4.0,ME,2000.0
21,2.8,26084.727272727272,,13.0,0.0769,25.25,13.909090909090908,3.3333333333333335,MI,2000.0
22,2.542857142857143,27094.6,,17.0,0.06616666666666667,25.8,,1.25,MN,2000.0
23,3.6800000000000006,29128.222222222223,,13.428571428571429,0.08554545454545454,23.571428571428573,13.421428571428573,4.222222222222222,MO,2000.0
24,3.2,28063.4,,7.0,0.08527272727272726,19.0,14.35,2.0,MS,2000.0
25,4.316666666666666,30058.85714285714,,3.0,0.055999999999999994,23.333333333333332,9.816666666666666,5.5,MT,2000.0
26,3.5,37093.217391304344,,18.0,0.08554545454545452,22.347826086956523,15.404166666666667,4.142857142857143,NC,2000.0
27,,38049.0,,3.3333333333333335,0.05739999999999999,9.666666666666666,6.757142857142857,1.7,ND,2000.0
28,2.95,31088.5,,,0.0645,47.0,9.366666666666667,,NE,2000.0
29,4.1,33011.0,,8.0,0.06475,16.571428571428573,,4.0,NH,2000.0
30,3.8125,34019.23529411765,,23.142857142857142,0.09449999999999999,29.8,14.233333333333334,5.3,NJ,2000.0
31,2.38,35029.769230769234,,11.2,0.07533333333333334,22.6,7.500000000000001,1.2,NM,2000.0
32,5.025,32099.5,,16.5,0.0726,29.75,7.866666666666667,0.0,NV,2000.0
33,2.766666666666666,36061.4,,27.166666666666668,0.07630769230769233,14.4,13.033333333333333,4.75,NY,2000.0
34,3.4625000000000004,39092.066666666666,,22.5,0.08348387096774193,27.181818181818183,17.123076923076923,6.090909090909091,OH,2000.0
35,2.1333333333333333,40072.15789473684,,9.5,0.08463636363636363,23.0,10.936363636363636,4.4,OK,2000.0
36,4.542857142857143,41039.470588235294,,,0.058399999999999994,25.142857142857142,8.993333333333334,,OR,2000.0
37,2.1636363636363636,42063.875,,16.714285714285715,0.08351724137931034,39.0,15.177777777777777,6.92,PA,2000.0
38,5.8,72068.66666666667,,18.0,0.047,31.6,7.3,4.5,PR,2000.0
39,3.5,44006.333333333336,,20.0,0.086,20.5,10.833333333333334,7.0,RI,2000.0
40,3.3333333333333335,45043.96296296296,,9.0,0.08358823529411763,27.333333333333332,15.2,2.4,SC,2000.0
41,,46071.0,,,0.0635,22.5,,,SD,2000.0
42,3.825,47110.03448275862,,15.571428571428571,0.0918421052631579,30.2,16.472727272727273,5.714285714285714,TN,2000.0
43,3.5875,48222.166666666664,,10.923076923076923,0.08863636363636364,31.1,11.836363636363636,3.0,TX,2000.0
44,4.640000000000001,49032.25,,23.0,0.08633333333333333,31.0,9.66,3.0,UT,2000.0
45,3.085714285714286,51329.0,,16.0,0.0798421052631579,21.071428571428573,14.546153846153846,5.333333333333333,VA,2000.0
46,,78015.0,,,0.047,,,6.0,VI,2000.0
47,2.25,50013.5,,11.0,0.07,15.75,9.75,5.0,VT,2000.0
48,5.3999999999999995,53042.8,,21.0,0.058100000000000006,23.23076923076923,10.345454545454546,,WA,2000.0
49,2.25,55080.65517241379,,21.0,0.0756923076923077,17.6,11.006250000000001,4.666666666666667,WI,2000.0
50,5.166666666666667,54050.625,,,0.07985714285714286,22.857142857142858,15.675000000000002,11.125,WV,2000.0
51,,56021.0,,,0.065,22.818181818181817,8.375,,WY,2000.0
0,7.050000000000001,2091.6,,,0.055,15.0,6.539999999999999,,AK,2001.0
1,24.3,1080.904761904762,,,0.07891666666666665,25.083333333333332,13.918181818181818,3.6666666666666665,AL,2001.0
2,2.2,5094.2307692307695,,11.0,0.0775,,12.9,2.5,AR,2001.0
3,4.75,4015.2,,27.0,0.07216666666666667,36.285714285714285,10.0,4.333333333333333,AZ,2001.0
4,3.372222222222222,6056.88679245283,,17.21212121212121,0.08419148936170216,31.625,13.377142857142857,2.25,CA,2001.0
5,3.5874999999999995,8058.181818181818,,22.666666666666668,0.07036363636363636,25.666666666666668,8.461538461538462,3.5,CO,2001.0
6,3.3666666666666667,9007.0,,22.666666666666668,0.09833333333333333,22.2,14.533333333333331,6.0,CT,2001.0
7,2.5,10003.0,,,0.09366666666666668,,15.299999999999999,6.0,DE,2001.0
8,3.1125,12070.84375,,10.5,0.07775,22.65,10.122222222222222,2.8461538461538463,FL,2001.0
9,3.55,13138.931034482759,,13.0,0.08233333333333333,22.5,16.284615384615385,2.8,GA,2001.0
10,1.9,15004.333333333334,,5.0,0.03950000000000001,20.5,4.5,2.0,HI,2001.0
11,3.25,19111.333333333332,,,0.06839999999999999,27.272727272727273,11.346153846153847,1.8333333333333333,IA,2001.0
12,3.9333333333333336,16043.5,,,,26.266666666666666,10.4,5.0,ID,2001.0
13,3.14,17107.846153846152,,25.5,0.07718181818181818,27.75,14.857142857142858,4.583333333333333,IL,2001.0
14,2.875,18087.571428571428,,14.6,0.08237037037037037,22.76923076923077,15.342857142857142,6.333333333333333,IN,2001.0
15,2.35,20149.0,,9.0,0.0782,23.285714285714285,11.450000000000001,1.5,KS,2001.0
16,1.7999999999999998,21118.6,,13.777777777777779,0.07886206896551724,22.7,15.02222222222222,4.555555555555555,KY,2001.0
17,4.2,22063.166666666668,,11.714285714285714,0.07804761904761905,26.5,12.453846153846154,3.1666666666666665,LA,2001.0
18,2.775,25013.8,,15.666666666666666,0.09566666666666665,15.0,12.2,4.833333333333333,MA,2001.0
19,2.8499999999999996,24057.071428571428,,21.0,0.09583333333333334,21.0,15.05,6.0,MD,2001.0
20,0.8,23086.5,,9.0,0.08650000000000001,18.75,,3.6666666666666665,ME,2001.0
21,3.0500000000000003,26080.30769230769,,18.0,0.08875000000000002,29.0,13.452941176470588,4.0,MI,2001.0
22,2.557142857142857,27087.545454545456,,16.666666666666668,0.06920000000000001,26.2,10.319999999999999,1.2,MN,2001.0
23,3.6399999999999997,29130.41176470588,,13.142857142857142,0.07909090909090909,27.571428571428573,13.353846153846156,3.0,MO,2001.0
24,4.2,28065.777777777777,,6.5,0.078,18.333333333333332,12.587500000000002,1.6666666666666667,MS,2001.0
25,4.316666666666666,30062.53846153846,,5.0,0.053000000000000005,19.571428571428573,8.054545454545455,4.666666666666667,MT,2001.0
26,2.7444444444444445,37095.583333333336,,16.5,0.08420588235294117,21.25,13.692592592592595,3.6,NC,2001.0
27,,38040.09090909091,,3.75,0.05875,14.666666666666666,7.0,1.5555555555555556,ND,2001.0
28,3.9,31052.0,,,0.056999999999999995,37.666666666666664,8.6,,NE,2001.0
29,4.0,33010.0,,7.0,0.07833333333333334,16.333333333333332,10.474999999999998,4.8,NH,2001.0
30,3.4888888888888894,34017.875,,22.857142857142858,0.09853846153846155,27.5,,5.3,NJ,2001.0
31,2.6999999999999997,35027.166666666664,,11.25,0.07133333333333335,19.3,7.242857142857143,1.6,NM,2001.0
32,4.7250000000000005,32099.5,,15.0,0.0738,31.0,8.833333333333334,1.0,NV,2001.0
33,2.3363636363636364,36060.22580645161,,26.833333333333332,0.08784,13.833333333333334,12.735,5.222222222222222,NY,2001.0
34,3.45,39086.52173913043,,23.0,0.08765624999999999,24.48,16.566666666666666,5.826086956521739,OH,2001.0
35,1.9285714285714288,40076.82608695652,,9.75,0.07799999999999999,27.571428571428573,10.561111111111112,3.142857142857143,OK,2001.0
36,6.514285714285714,41038.666666666664,,,0.0624,20.857142857142858,8.721428571428572,,OR,2001.0
37,2.2409090909090907,42061.705882352944,,16.61904761904762,0.09120000000000002,23.7,15.666666666666666,8.0,PA,2001.0
38,4.6,72071.93333333333,,7.5,0.042,25.818181818181817,7.266666666666666,2.3333333333333335,PR,2001.0
39,3.8,44006.333333333336,,20.0,0.10099999999999999,11.0,11.850000000000001,7.0,RI,2001.0
40,3.233333333333333,45042.793103448275,,8.8,0.07988888888888888,25.428571428571427,12.853846153846153,2.142857142857143,SC,2001.0
41,,46065.0,,,0.066,23.0,8.72,,SD,2001.0
42,3.9250000000000003,47109.1935483871,,14.666666666666666,0.08335000000000001,29.5,14.699999999999998,5.142857142857143,TN,2001.0
43,3.55,48235.5,,10.642857142857142,0.08184615384615387,25.833333333333332,11.55625,2.6666666666666665,TX,2001.0
44,3.7400000000000007,49029.0,,23.333333333333332,0.076,33.0,11.3,3.0,UT,2001.0
45,3.014285714285714,51318.08108108108,,16.1,0.08779999999999999,19.0,13.956249999999997,4.75,VA,2001.0
46,,78020.0,,,0.043,,,,VI,2001.0
47,2.2,50013.5,,13.0,0.0795,16.25,10.65,5.0,VT,2001.0
48,4.914285714285714,53044.882352941175,,22.0,0.060000000000000005,23.8,8.874999999999998,2.5,WA,2001.0
49,2.025,55076.2,,16.0,0.08432142857142862,21.5,11.106666666666666,4.0,WI,2001.0
50,4.266666666666667,54050.625,,,0.08399999999999999,25.571428571428573,15.6,10.222222222222221,WV,2001.0
51,0.4,56021.666666666664,,,0.0675,23.818181818181817,8.75,,WY,2001.0
0,5.800000000000001,2091.6,,,0.055,16.0,6.82,,AK,2002.0
1,6.699999999999999,1083.6666666666667,,,0.08193333333333333,26.25,13.419999999999998,2.5,AL,2002.0
2,5.2,5086.0,,15.0,0.08575,,11.424999999999999,3.0,AR,2002.0
3,4.05,4013.8888888888887,,26.0,0.08083333333333333,42.833333333333336,9.475,4.333333333333333,AZ,2002.0
4,3.0388888888888883,6057.038461538462,,16.823529411764707,0.08814285714285716,34.15555555555556,14.519444444444446,1.6666666666666667,CA,2002.0
5,3.4,8060.818181818182,,21.5,0.07550000000000001,26.866666666666667,8.035714285714286,3.5,CO,2002.0
6,3.5333333333333337,9007.0,,20.333333333333332,0.10357142857142856,20.2,14.200000000000001,5.0,CT,2002.0
7,2.2,10003.0,,19.0,0.09700000000000002,23.0,14.5,6.0,DE,2002.0
8,3.0374999999999996,12068.911764705883,,10.0,0.06953333333333335,19.789473684210527,9.370000000000001,2.7857142857142856,FL,2002.0
9,2.1666666666666665,13143.4,,11.5,0.08994736842105262,19.875,14.222222222222221,2.5,GA,2002.0
10,1.8,15004.333333333334,,5.0,0.042499999999999996,17.5,4.75,5.5,HI,2002.0
11,2.05,19111.333333333332,,8.5,0.071,25.615384615384617,10.669230769230769,2.4285714285714284,IA,2002.0
12,2.6,16036.866666666667,,9.0,0.07350000000000001,25.125,9.500000000000002,5.5,ID,2002.0
13,2.66,17107.846153846152,,24.5,0.08668181818181818,27.0,14.13888888888889,4.0,IL,2002.0
14,3.475,18088.121951219513,,14.4,0.09740740740740741,21.785714285714285,14.956250000000002,5.882352941176471,IN,2002.0
15,1.975,20149.0,,8.0,0.07120000000000001,24.0,11.4,1.6666666666666667,KS,2002.0
16,2.9,21113.303030303032,,12.5,0.0883103448275862,21.11111111111111,14.415384615384616,3.6666666666666665,KY,2002.0
17,3.6500000000000004,22061.8,,10.857142857142858,0.0738095238095238,22.6,10.821428571428571,3.5,LA,2002.0
18,2.8000000000000003,25014.454545454544,,16.2,0.09711111111111109,16.666666666666668,11.87142857142857,4.75,MA,2002.0
19,2.8,24062.083333333332,,21.5,0.10191666666666667,22.333333333333332,14.516666666666666,6.0,MD,2002.0
20,0.8,23086.666666666668,,14.0,0.08966666666666666,16.428571428571427,,3.0,ME,2002.0
21,2.46,26082.185185185186,,19.0,0.09128571428571429,24.333333333333332,13.082352941176472,3.0,MI,2002.0
22,2.1714285714285713,27089.923076923078,,14.666666666666666,0.06766666666666667,24.666666666666668,9.457142857142857,1.4,MN,2002.0
23,4.85,29131.117647058825,,13.0,0.08945454545454544,30.571428571428573,13.166666666666664,3.5555555555555554,MO,2002.0
24,3.0,28068.375,,3.0,0.07627272727272727,12.0,11.635714285714286,2.0,MS,2002.0
25,3.5,30062.5,,5.0,0.053500000000000006,17.727272727272727,8.254545454545454,4.333333333333333,MT,2002.0
26,2.6000000000000005,37098.06122448979,,14.5,0.09453125000000002,20.19047619047619,13.196774193548386,4.5,NC,2002.0
27,,38042.818181818184,,2.6666666666666665,0.06083333333333333,13.2,5.766666666666667,1.4,ND,2002.0
28,3.8,31082.714285714286,,,0.062000000000000006,39.0,9.516666666666667,1.0,NE,2002.0
29,3.7,33010.0,,13.0,0.08159999999999999,16.25,9.828571428571427,4.25,NH,2002.0
30,2.7777777777777777,34019.23529411765,,21.875,0.103,23.25,13.415384615384616,4.909090909090909,NJ,2002.0
31,2.45,35027.545454545456,,12.25,0.07583333333333334,24.375,7.612499999999999,1.3333333333333333,NM,2002.0
32,5.049999999999999,32099.5,,22.0,0.0762,40.0,10.399999999999999,1.0,NV,2002.0
33,2.3636363636363638,36059.1875,,25.833333333333332,0.09403846153846154,13.2,12.570000000000002,4.55,NY,2002.0
34,2.5875000000000004,39086.260869565216,,21.5,0.09806250000000002,23.38095238095238,15.749999999999996,6.12,OH,2002.0
35,1.8714285714285714,40078.71428571428,,9.428571428571429,0.07841666666666665,22.285714285714285,10.406666666666666,3.0,OK,2002.0
36,4.471428571428571,41036.76470588235,,,0.0664,24.428571428571427,9.699999999999998,,OR,2002.0
37,1.9500000000000002,42061.114285714284,,15.0,0.0974193548387097,21.904761904761905,15.094736842105263,6.92,PA,2002.0
38,4.3,72069.5,,7.0,,28.0,6.666666666666667,5.0,PR,2002.0
39,2.7,44006.333333333336,,18.0,0.097,16.5,9.033333333333333,6.0,RI,2002.0
40,2.9666666666666663,45044.57142857143,,9.0,0.08757894736842106,22.333333333333332,12.459999999999999,1.8571428571428572,SC,2002.0
41,,46071.28571428572,,2.0,0.071,21.5,7.616666666666667,,SD,2002.0
42,2.433333333333333,47110.03448275862,,16.0,0.09229411764705883,25.1,13.478571428571431,4.615384615384615,TN,2002.0
43,3.0,48236.875,,9.529411764705882,0.08664285714285715,27.727272727272727,11.204761904761902,1.4444444444444444,TX,2002.0
44,3.44,49030.8,,24.5,0.08085714285714285,27.833333333333332,12.457142857142857,3.0,UT,2002.0
45,2.585714285714286,51331.81578947369,,15.0,0.09435,17.533333333333335,13.35294117647059,4.111111111111111,VA,2002.0
46,,78015.0,,,0.048,,,5.0,VI,2002.0
47,2.3,50013.5,,11.0,0.08499999999999999,16.0,11.0,5.0,VT,2002.0
48,4.485714285714285,53043.470588235294,,19.0,0.05820000000000001,23.333333333333332,10.075000000000001,2.0,WA,2002.0
49,2.2666666666666666,55075.9375,,,0.08374999999999999,17.5,10.935294117647059,5.0,WI,2002.0
50,6.1000000000000005,54050.625,,,0.09174999999999998,24.714285714285715,15.078571428571427,9.777777777777779,WV,2002.0
51,0.9,56021.0,,3.0,0.0685,25.727272727272727,8.133333333333333,5.0,WY,2002.0
0,5.95,2087.0,,,0.054000000000000006,27.0,7.666666666666667,,AK,2003.0
1,2.85,1079.5714285714287,,,0.07524999999999998,28.833333333333332,14.021428571428572,2.3333333333333335,AL,2003.0
2,2.2,5087.470588235294,,14.0,0.07450000000000001,25.0,11.799999999999999,2.0,AR,2003.0
3,4.1,4014.230769230769,,25.5,0.07788888888888888,36.0,9.319999999999999,3.0,AZ,2003.0
4,2.769444444444444,6058.56,,15.742857142857142,0.08585714285714284,30.88888888888889,11.96578947368421,1.5,CA,2003.0
5,3.2875,8062.083333333333,,15.0,0.08081818181818182,23.9,7.946666666666666,2.5,CO,2003.0
6,3.233333333333334,9007.0,,19.333333333333332,0.09028571428571427,30.5,13.399999999999999,4.333333333333333,CT,2003.0
7,2.4,10003.0,,19.0,0.08566666666666667,21.0,13.5,8.0,DE,2003.0
8,2.6999999999999997,12068.911764705883,,9.727272727272727,0.07503333333333334,21.833333333333332,9.20909090909091,2.4166666666666665,FL,2003.0
9,1.9666666666666666,13153.785714285714,,10.75,0.07905263157894737,23.90909090909091,14.876470588235296,2.6,GA,2003.0
10,2.2,15005.0,,5.0,0.041499999999999995,18.666666666666668,5.65,10.5,HI,2003.0
11,1.95,19116.619047619046,,9.5,0.06718181818181818,24.857142857142858,11.153846153846153,2.5,IA,2003.0
12,2.766666666666667,16035.333333333334,,7.5,0.06925,21.25,7.983333333333333,5.5,ID,2003.0
13,2.62,17107.846153846152,,23.5,0.07554545454545453,27.75,13.577777777777776,3.75,IL,2003.0
14,2.5,18089.5,,14.2,0.08482142857142858,25.0,14.623529411764705,6.0,IN,2003.0
15,2.1333333333333333,20144.166666666668,,9.25,0.079,24.0,11.583333333333334,3.5,KS,2003.0
16,1.8,21113.647058823528,,11.25,0.07558620689655171,21.11764705882353,13.620000000000003,3.4,KY,2003.0
17,3.3,22062.478260869564,,10.714285714285714,0.08238095238095237,25.4,11.875,3.1666666666666665,LA,2003.0
18,2.4499999999999997,25014.454545454544,,14.5,0.08279999999999998,,9.9,4.75,MA,2003.0
19,2.55,24062.083333333332,,22.0,0.08509090909090908,26.0,13.916666666666666,,MD,2003.0
20,0.65,23086.666666666668,,13.0,0.074125,19.5,,3.0,ME,2003.0
21,1.8333333333333333,26087.46153846154,,20.0,0.08866666666666669,28.666666666666668,13.058823529411763,2.4285714285714284,MI,2003.0
22,2.183333333333333,27095.285714285714,,9.666666666666666,0.0679,31.4,9.271428571428572,1.75,MN,2003.0
23,2.225,29124.88888888889,,12.5,0.08272727272727272,26.666666666666668,12.553333333333333,3.3333333333333335,MO,2003.0
24,3.3,28060.23076923077,,3.0,0.0778181818181818,,12.183333333333332,1.0,MS,2003.0
25,3.233333333333333,30064.85714285714,,2.0,0.061,19.9,11.8,3.3333333333333335,MT,2003.0
26,2.4625,37095.4,,15.5,0.0818857142857143,19.2,12.72413793103448,4.0,NC,2003.0
27,,38042.818181818184,,2.8333333333333335,0.0656,12.666666666666666,6.633333333333334,1.7777777777777777,ND,2003.0
28,3.0999999999999996,31078.666666666668,,,0.065,37.0,8.725,0.0,NE,2003.0
29,4.0,33010.77777777778,,12.0,0.07277777777777777,19.0,9.625,4.333333333333333,NH,2003.0
30,2.333333333333334,34019.23529411765,,21.428571428571427,0.08846153846153845,28.0,13.755555555555555,4.8,NJ,2003.0
31,2.325,35023.666666666664,,11.2,0.078,30.714285714285715,7.800000000000002,1.0,NM,2003.0
32,4.675000000000001,32098.166666666668,,21.0,0.0738,34.0,9.0,1.0,NV,2003.0
33,2.2090909090909094,36060.032258064515,,23.0,0.08459259259259261,16.571428571428573,12.775,4.333333333333333,NY,2003.0
34,2.75,39082.63636363636,,22.0,0.08846875000000003,23.863636363636363,14.711764705882352,5.75,OH,2003.0
35,1.5285714285714285,40065.416666666664,,9.333333333333334,0.07856250000000001,23.666666666666668,11.053846153846154,3.8,OK,2003.0
36,3.8142857142857145,41038.875,,,0.0734,19.3,8.55,,OR,2003.0
37,1.8285714285714287,42061.114285714284,,14.909090909090908,0.084,22.80952380952381,15.195238095238093,7.28,PA,2003.0
38,4.2,72065.46153846153,,,,28.3,6.6,1.75,PR,2003.0
39,2.3,44006.333333333336,,19.0,0.087,18.0,10.8,6.0,RI,2003.0
40,2.6666666666666665,45045.142857142855,,6.333333333333333,0.07510526315789474,20.0,12.023076923076925,2.0,SC,2003.0
41,,46059.857142857145,,8.0,0.071,26.285714285714285,8.328571428571427,,SD,2003.0
42,2.2399999999999998,47109.96296296296,,10.428571428571429,0.08142105263157895,25.5,13.836363636363638,5.875,TN,2003.0
43,2.9,48238.944444444445,,9.882352941176471,0.08366666666666668,31.0,11.08181818181818,2.2222222222222223,TX,2003.0
44,3.3200000000000003,49030.5,,21.75,0.07800000000000001,24.6,9.38,3.0,UT,2003.0
45,2.4714285714285715,51327.666666666664,,16.666666666666668,0.08229999999999998,17.733333333333334,13.125000000000002,3.7777777777777777,VA,2003.0
46,,78020.0,,,0.043,19.0,8.2,4.0,VI,2003.0
47,1.7999999999999998,50010.333333333336,,15.0,0.07350000000000001,20.0,10.1,,VT,2003.0
48,4.566666666666666,53043.23529411765,,18.0,0.0680909090909091,22.8,9.044444444444444,1.5,WA,2003.0
49,1.6000000000000003,55071.666666666664,,,0.08071428571428572,18.5,10.744444444444445,3.0,WI,2003.0
50,5.166666666666667,54050.625,,,0.07975,26.857142857142858,14.578571428571431,9.625,WV,2003.0
51,1.2,56022.166666666664,,5.0,0.0695,25.2,6.82,2.0,WY,2003.0
0,6.65,2104.0,,,0.052000000000000005,16.0,17.724999999999998,,AK,2004.0
1,8.2,1082.090909090909,,3.0,0.07170588235294117,27.75,13.547058823529412,2.25,AL,2004.0
2,1.8,5085.857142857143,,14.0,0.07075000000000001,22.0,11.508333333333335,1.5,AR,2004.0
3,3.8,4015.3333333333335,,23.5,0.07366666666666667,28.727272727272727,8.385714285714286,3.75,AZ,2004.0
4,2.547222222222222,6057.038461538462,,14.6,0.07985714285714288,29.488372093023255,11.591428571428573,1.9166666666666667,CA,2004.0
5,2.9222222222222225,8060.636363636364,,19.0,0.0698,23.470588235294116,7.861538461538462,2.0,CO,2004.0
6,3.3000000000000003,9007.0,,16.333333333333332,0.08014285714285714,24.333333333333332,11.525,3.6666666666666665,CT,2004.0
7,2.1,10003.0,,,0.07833333333333332,19.0,13.633333333333333,6.0,DE,2004.0
8,2.6750000000000003,12068.30303030303,,10.0,0.07355172413793104,22.142857142857142,9.863157894736842,2.2,FL,2004.0
9,1.8666666666666665,13145.645161290322,,10.5,0.0787,23.75,15.152631578947368,2.8,GA,2004.0
10,2.0,15005.0,,5.0,0.046,16.666666666666668,4.9,6.0,HI,2004.0
11,2.15,19112.6,,8.0,0.06136363636363638,23.53846153846154,10.118181818181819,3.5,IA,2004.0
12,2.8499999999999996,16033.153846153846,,6.0,0.0655,20.375,9.7,4.0,ID,2004.0
13,2.5199999999999996,17107.846153846152,,22.5,0.06722727272727275,25.375,12.031578947368422,3.5833333333333335,IL,2004.0
14,2.5799999999999996,18088.956521739132,,12.833333333333334,0.07228571428571429,23.272727272727273,13.27894736842105,6.105263157894737,IN,2004.0
15,2.4,20140.81818181818,,8.5,0.06475,20.6,10.299999999999999,1.25,KS,2004.0
16,3.3,21112.333333333332,,10.625,0.0683793103448276,20.235294117647058,12.684210526315791,3.727272727272727,KY,2004.0
17,3.05,22059.833333333332,,10.571428571428571,0.07709523809523809,24.25,11.258333333333335,3.5,LA,2004.0
18,2.025,25013.833333333332,,14.2,0.07736363636363636,17.333333333333332,11.157142857142858,4.0,MA,2004.0
19,2.3,24059.076923076922,,19.0,0.08099999999999999,25.0,14.099999999999998,5.0,MD,2004.0
20,0.5,23012.636363636364,,15.0,0.07222222222222222,15.0,,3.0,ME,2004.0
21,1.8799999999999997,26086.923076923078,,16.5,0.07240909090909092,26.0,11.177777777777779,3.6,MI,2004.0
22,1.7000000000000002,27088.529411764706,,8.333333333333334,0.05969230769230771,27.0,8.025,1.5,MN,2004.0
23,2.25,29118.57894736842,,12.125,0.06884615384615386,25.285714285714285,11.183333333333335,4.285714285714286,MO,2004.0
24,2.5,28067.70588235294,,3.0,0.07336363636363635,18.0,11.993333333333336,1.0,MS,2004.0
25,2.8166666666666664,30058.733333333334,,,0.054000000000000006,19.153846153846153,8.818181818181818,4.5,MT,2004.0
26,2.275,37096.375,,14.0,0.07345454545454545,19.0,13.059999999999997,3.1666666666666665,NC,2004.0
27,,38041.6,,2.8333333333333335,0.05428571428571428,12.0,5.9799999999999995,2.0,ND,2004.0
28,2.75,31096.714285714286,,,0.0625,33.0,8.616666666666667,2.0,NE,2004.0
29,2.8,33010.0,,9.5,0.0725,16.0,9.2625,5.0,NH,2004.0
30,2.5500000000000003,34017.875,,19.75,0.08138461538461537,22.0,12.509090909090908,5.0,NJ,2004.0
31,2.2,35023.666666666664,,11.0,0.07100000000000001,24.125,7.05,0.3333333333333333,NM,2004.0
32,4.075,32087.428571428572,,20.0,0.07275000000000001,33.75,8.399999999999999,2.0,NV,2004.0
33,1.7727272727272732,36060.9375,,22.25,0.07369230769230771,14.5,11.30625,3.6666666666666665,NY,2004.0
34,2.8125000000000004,39085.71111111111,,20.5,0.07553125,22.857142857142858,14.111764705882353,5.954545454545454,OH,2004.0
35,1.2833333333333334,40065.416666666664,,7.25,0.07264705882352941,23.0,10.328571428571427,3.3333333333333335,OK,2004.0
36,3.557142857142857,41035.0,,,0.06333333333333334,20.0,9.7,,OR,2004.0
37,1.6238095238095236,42061.114285714284,,14.409090909090908,0.07690322580645162,22.0,14.471428571428568,6.346153846153846,PA,2004.0
38,3.6,72074.09090909091,,7.0,,27.666666666666668,,3.2,PR,2004.0
39,2.5,44006.333333333336,,18.0,0.08299999999999999,15.5,9.95,7.0,RI,2004.0
40,2.3,45045.142857142855,,8.166666666666666,0.07360000000000001,26.571428571428573,13.344444444444445,2.0,SC,2004.0
41,,46059.857142857145,,7.0,0.06366666666666666,22.666666666666668,8.285714285714286,0.0,SD,2004.0
42,3.3000000000000003,47107.148148148146,,10.8,0.07458823529411765,26.88888888888889,13.139999999999999,5.666666666666667,TN,2004.0
43,2.5875000000000004,48232.757575757576,,9.5,0.08220689655172414,28.11111111111111,11.355555555555556,2.125,TX,2004.0
44,3.575,49029.22222222222,,21.6,0.0695,26.666666666666668,13.85,2.3333333333333335,UT,2004.0
45,2.157142857142857,51338.529411764706,,15.88888888888889,0.07529999999999999,18.818181818181817,13.185714285714285,4.285714285714286,VA,2004.0
46,,78010.0,,,,17.0,4.7,3.0,VI,2004.0
47,1.85,50011.4,,13.0,0.07250000000000001,16.75,9.85,3.0,VT,2004.0
48,3.6999999999999997,53043.875,,12.5,0.061818181818181835,24.333333333333332,10.566666666666666,2.0,WA,2004.0
49,3.0,55071.06060606061,,17.0,0.06853571428571428,15.857142857142858,9.614285714285716,3.5,WI,2004.0
50,5.466666666666666,54050.625,,15.0,0.06775,23.666666666666668,14.171428571428574,10.625,WV,2004.0
51,0.8,56022.166666666664,,3.5,0.0625,22.416666666666668,6.720000000000001,2.0,WY,2004.0
0,4.65,2091.6,,,0.051,19.666666666666668,7.166666666666667,,AK,2005.0
1,8.8,1081.090909090909,,,0.07276470588235294,26.5,14.172222222222222,2.6666666666666665,AL,2005.0
2,2.1,5088.666666666667,,12.0,0.08249999999999999,25.0,14.354545454545455,2.0,AR,2005.0
3,3.5999999999999996,4015.0,,19.0,0.07925,45.57142857142857,8.816666666666666,3.25,AZ,2005.0
4,2.2228571428571433,6058.714285714285,,14.735294117647058,0.07953061224489796,26.209302325581394,11.465714285714286,1.9090909090909092,CA,2005.0
5,2.288888888888889,8060.416666666667,,17.0,0.07709090909090908,23.9375,7.608333333333334,2.0,CO,2005.0
6,2.9333333333333336,9007.0,,17.666666666666668,0.09371428571428571,19.5,12.120000000000001,5.0,CT,2005.0
7,2.0,10003.0,,18.0,0.08533333333333333,22.0,14.700000000000001,7.0,DE,2005.0
8,2.45,12068.30303030303,,8.88888888888889,0.07343333333333332,21.3125,9.925,2.125,FL,2005.0
9,1.633333333333333,13147.516129032258,,10.25,0.08052380952380953,23.454545454545453,15.455555555555556,3.0,GA,2005.0
10,1.6,15004.333333333334,,5.0,0.042,21.0,5.0,10.0,HI,2005.0
11,1.6,19119.3,,7.5,0.07145454545454545,25.692307692307693,12.238461538461538,3.1666666666666665,IA,2005.0
12,2.55,16035.333333333334,,7.0,0.06775,21.428571428571427,9.957142857142857,4.5,ID,2005.0
13,2.3,17107.846153846152,,22.5,0.07918181818181816,30.0,15.25,3.9166666666666665,IL,2005.0
14,2.02,18088.227272727272,,13.6,0.08114814814814816,26.615384615384617,16.5,5.894736842105263,IN,2005.0
15,3.1666666666666665,20133.833333333332,,9.0,0.076,25.75,11.766666666666666,1.5,KS,2005.0
16,2.6,21113.0,,10.75,0.07825,22.733333333333334,14.799999999999999,4.3,KY,2005.0
17,2.2333333333333334,22061.521739130436,,9.571428571428571,0.0816470588235294,28.0,13.024999999999999,3.6,LA,2005.0
18,2.25,25013.833333333332,,14.0,0.08681818181818181,20.75,11.800000000000002,5.0,MA,2005.0
19,2.2,24055.5,,18.5,0.08676923076923074,25.5,14.85714285714286,5.0,MD,2005.0
20,0.45,23016.0,,17.0,0.07022222222222223,20.0,,2.5,ME,2005.0
21,1.6800000000000002,26084.6,,17.5,0.0835,27.0,13.776470588235293,3.0,MI,2005.0
22,2.0,27084.75,,11.5,0.07023076923076924,26.0,9.742857142857144,1.25,MN,2005.0
23,2.375,29121.736842105263,,11.571428571428571,0.08507142857142856,30.142857142857142,13.823076923076922,4.666666666666667,MO,2005.0
24,2.6,28063.18181818182,,9.0,0.07775,,13.271428571428572,1.0,MS,2005.0
25,2.75,30057.14285714286,,,0.057499999999999996,18.083333333333332,9.010000000000002,4.0,MT,2005.0
26,1.825,37098.441860465115,,12.5,0.08049999999999999,20.0,13.339285714285714,3.0,NC,2005.0
27,,38039.666666666664,,2.5,0.05728571428571428,12.333333333333334,5.766666666666666,0.875,ND,2005.0
28,2.7,31092.714285714286,,,0.063,39.0,9.200000000000001,3.0,NE,2005.0
29,3.2,33010.0,,9.0,0.07275000000000001,18.0,9.999999999999998,4.666666666666667,NH,2005.0
30,2.5125,34019.23529411765,,20.875,0.08961538461538462,29.75,14.15,4.7,NJ,2005.0
31,2.025,35024.2,,9.833333333333334,0.07416666666666667,30.571428571428573,6.757142857142857,0.5,NM,2005.0
32,3.675,32086.571428571428,,20.0,0.07,37.666666666666664,9.5,5.0,NV,2005.0
33,1.8272727272727274,36062.15151515151,,24.0,0.08160714285714288,13.0,12.568750000000001,3.8947368421052633,NY,2005.0
34,2.35,39081.77272727273,,21.5,0.0850625,26.944444444444443,16.56666666666667,6.0,OH,2005.0
35,0.9,40071.8,,10.666666666666666,0.07793749999999998,24.75,12.059999999999999,3.2857142857142856,OK,2005.0
36,3.2,41035.166666666664,,,0.062,19.77777777777778,10.52,,OR,2005.0
37,1.4999999999999996,42062.2,,14.73913043478261,0.08459375,23.285714285714285,15.561904761904762,7.0,PA,2005.0
38,3.3,72059.0,,,0.028999999999999998,31.666666666666668,6.5,2.25,PR,2005.0
39,2.5,44006.333333333336,,17.0,0.08833333333333333,17.5,10.6,6.0,RI,2005.0
40,1.7666666666666666,45044.03703703704,,8.2,0.07742105263157895,24.555555555555557,13.822222222222221,2.142857142857143,SC,2005.0
41,,46056.5,,3.5,0.06825,17.25,8.485714285714286,0.6666666666666666,SD,2005.0
42,2.4666666666666663,47113.444444444445,,10.5,0.08124999999999999,27.444444444444443,14.866666666666669,5.2,TN,2005.0
43,2.5,48231.5,,9.666666666666666,0.08260000000000002,29.3,12.812500000000002,2.5555555555555554,TX,2005.0
44,3.9333333333333336,49029.22222222222,,21.75,0.0815,23.666666666666668,10.883333333333335,2.0,UT,2005.0
45,1.7428571428571427,51306.35294117647,,15.444444444444445,0.07942105263157895,20.727272727272727,14.176923076923076,3.7142857142857144,VA,2005.0
46,,78010.0,,,,,,2.0,VI,2005.0
47,1.55,50011.4,,12.0,0.07100000000000001,17.25,10.225000000000001,5.0,VT,2005.0
48,4.0,53050.833333333336,,8.0,0.058374999999999996,25.2,10.975000000000001,,WA,2005.0
49,4.5,55076.41935483871,,17.0,0.08203571428571431,26.0,11.064705882352941,3.5,WI,2005.0
50,3.15,54047.57142857143,,15.0,0.079375,24.666666666666668,16.2,10.125,WV,2005.0
51,0.8,56021.6,,7.5,0.06733333333333334,22.88888888888889,5.92,3.0,WY,2005.0
0,4.9,2091.6,,,0.053,16.0,8.666666666666666,,AK,2006.0
1,9.5,1079.7619047619048,,,0.07729411764705882,27.75,14.106666666666666,2.3333333333333335,AL,2006.0
2,2.4,5083.714285714285,,12.0,0.08075,24.0,11.833333333333336,3.0,AR,2006.0
3,2.8000000000000003,4014.4545454545455,,19.0,0.07675,57.09090909090909,10.787499999999998,3.25,AZ,2006.0
4,2.2333333333333334,6058.755102040816,,14.411764705882353,0.08436170212765959,30.214285714285715,11.729729729729733,1.5384615384615385,CA,2006.0
5,2.2444444444444445,8061.4,,18.666666666666668,0.07836363636363636,23.095238095238095,7.846153846153848,3.0,CO,2006.0
6,2.375,9007.0,,15.666666666666666,0.09014285714285715,20.0,10.7,3.6666666666666665,CT,2006.0
7,2.2,10003.0,,18.0,0.08299999999999999,22.0,12.033333333333333,7.0,DE,2006.0
8,2.0625,12068.911764705883,,8.444444444444445,0.07526666666666668,22.88235294117647,9.671428571428574,1.4615384615384615,FL,2006.0
9,1.5999999999999999,13144.454545454546,,10.5,0.08447619047619048,24.333333333333332,15.226315789473688,2.8,GA,2006.0
10,1.7,15005.0,,5.0,0.04,16.333333333333332,4.25,13.0,HI,2006.0
11,1.4333333333333333,19119.3,,9.5,0.06563636363636363,26.09090909090909,10.314285714285713,2.0,IA,2006.0
12,2.05,16035.444444444445,,6.0,0.075,20.75,9.040000000000001,5.0,ID,2006.0
13,2.24,17107.846153846152,,23.0,0.06890909090909092,26.5,12.275,3.230769230769231,IL,2006.0
14,2.0200000000000005,18086.75,,12.75,0.07444444444444444,22.727272727272727,12.899999999999999,5.444444444444445,IN,2006.0
15,2.6666666666666665,20147.444444444445,,8.0,0.077,29.0,9.68,1.2,KS,2006.0
16,2.8,21114.0,,9.714285714285714,0.07242307692307692,21.444444444444443,13.347058823529414,3.5,KY,2006.0
17,2.3499999999999996,22063.18181818182,,9.857142857142858,0.08312499999999999,31.5,12.985714285714286,3.4,LA,2006.0
18,1.75,25013.833333333332,,13.4,0.08163636363636362,16.25,9.5625,3.4,MA,2006.0
19,2.35,24055.5,,16.0,0.08630769230769228,25.0,12.885714285714288,4.0,MD,2006.0
20,0.3666666666666667,23014.636363636364,,7.5,0.0668,19.5,,1.5,ME,2006.0
21,2.375,26087.32,,15.0,0.07695652173913045,21.666666666666668,11.77142857142857,3.5,MI,2006.0
22,1.6833333333333333,27092.0,,10.0,0.0658,24.5,8.371428571428572,1.0,MN,2006.0
23,1.825,29127.333333333332,,10.857142857142858,0.08084615384615385,24.285714285714285,11.709999999999997,4.0,MO,2006.0
24,,28049.545454545456,,,0.08037499999999999,,12.249999999999998,2.0,MS,2006.0
25,2.0833333333333335,30047.909090909092,,4.0,0.0605,25.22222222222222,9.7375,3.0,MT,2006.0
26,1.825,37094.11111111111,,11.5,0.07586666666666668,20.333333333333332,12.724137931034479,2.4,NC,2006.0
27,,38041.2,,3.142857142857143,0.064,11.666666666666666,6.5249999999999995,0.6,ND,2006.0
28,2.25,31100.333333333332,,,0.064,38.5,8.1,1.0,NE,2006.0
29,3.0,33010.0,,9.0,0.06825,15.0,9.174999999999999,4.0,NH,2006.0
30,1.9749999999999999,34019.23529411765,,18.5,0.08584615384615384,,12.008333333333335,3.5,NJ,2006.0
31,2.125,35024.2,,10.333333333333334,0.07385714285714286,30.11111111111111,7.385714285714286,0.6666666666666666,NM,2006.0
32,3.5,32086.571428571428,,21.0,0.07300000000000001,38.666666666666664,8.55,1.0,NV,2006.0
33,1.6272727272727272,36061.3125,,21.666666666666668,0.07355172413793104,12.0,10.639999999999999,3.5,NY,2006.0
34,2.5875,39081.77272727273,,18.0,0.07678125,22.166666666666668,13.229999999999999,4.7,OH,2006.0
35,1.1,40074.78947368421,,8.0,0.08105882352941175,24.142857142857142,10.314285714285715,3.8333333333333335,OK,2006.0
36,3.25,41035.166666666664,,,0.06966666666666667,19.555555555555557,10.325,2.0,OR,2006.0
37,1.4952380952380953,42062.944444444445,,12.590909090909092,0.077375,21.15,13.7,6.28,PA,2006.0
38,2.9,72065.5,,,0.026000000000000002,34.333333333333336,7.159999999999999,2.0,PR,2006.0
39,2.5,44006.333333333336,,15.0,0.08033333333333333,16.0,9.4,4.0,RI,2006.0
40,1.5999999999999999,45044.03703703704,,7.8,0.075,24.6,13.16153846153846,1.7142857142857142,SC,2006.0
41,,46056.5,,2.3333333333333335,0.0675,18.142857142857142,8.099999999999998,0.6666666666666666,SD,2006.0
42,2.5,47105.37037037037,,9.666666666666666,0.08141176470588235,25.8,13.686666666666667,5.333333333333333,TN,2006.0
43,2.1,48235.84848484849,,9.055555555555555,0.08200000000000002,32.63636363636363,11.393333333333334,2.111111111111111,TX,2006.0
44,3.1,49032.77777777778,,18.8,0.07777777777777778,27.0,9.299999999999999,2.0,UT,2006.0
45,2.0714285714285716,51307.382352941175,,13.666666666666666,0.07970000000000001,21.0,12.758333333333333,3.0,VA,2006.0
46,,78010.0,,,,,,3.0,VI,2006.0
47,1.25,50014.0,,10.5,0.0665,15.333333333333334,8.5,4.0,VT,2006.0
48,3.0833333333333335,53044.42857142857,,6.0,0.0658888888888889,22.428571428571427,9.325,,WA,2006.0
49,2.0,55074.096774193546,,15.0,0.06928571428571428,20.0,10.747058823529409,4.0,WI,2006.0
50,2.9,54047.57142857143,,,0.07725,24.0,14.20833333333333,9.125,WV,2006.0
51,0.5,56022.454545454544,,8.666666666666666,0.07050000000000001,24.11111111111111,6.3999999999999995,2.0,WY,2006.0
0,4.25,2091.6,,,0.053,14.333333333333334,7.7,,AK,2007.0
1,8.6,1079.6,,,0.0796875,33.25,14.107142857142858,3.0,AL,2007.0
2,2.0,5087.666666666667,,11.0,0.07760000000000002,30.0,12.399999999999999,3.0,AR,2007.0
3,2.4,4014.230769230769,,21.0,0.07300000000000001,46.23076923076923,10.957142857142857,4.333333333333333,AZ,2007.0
4,2.3000000000000003,6058.7692307692305,,13.794117647058824,0.07687755102040818,28.204545454545453,10.725641025641025,1.5,CA,2007.0
5,2.0875,8060.36,,18.0,0.07723076923076921,24.3,8.639999999999999,2.0,CO,2007.0
6,1.8499999999999996,9007.0,,13.25,0.09185714285714286,18.666666666666668,11.04,3.0,CT,2007.0
7,1.8,10003.0,,,0.08166666666666667,23.0,13.333333333333334,4.0,DE,2007.0
8,1.975,12068.911764705883,,7.444444444444445,0.07313333333333333,21.1875,9.457142857142857,1.3846153846153846,FL,2007.0
9,1.4333333333333333,13136.851851851852,,10.0,0.0844761904761905,28.0,15.273333333333332,2.6,GA,2007.0
10,1.0,15004.333333333334,,5.0,0.033,21.5,4.95,10.0,HI,2007.0
11,1.1666666666666667,19118.555555555555,,9.0,0.0710909090909091,26.181818181818183,11.953846153846154,2.3333333333333335,IA,2007.0
12,1.6,16036.333333333334,,,0.07,21.0,10.366666666666667,3.5,ID,2007.0
13,1.6400000000000001,17107.846153846152,,24.5,0.07609090909090907,29.0,13.468421052631578,3.25,IL,2007.0
14,2.2199999999999998,18083.8,,10.333333333333334,0.08170370370370372,25.7,14.4,4.444444444444445,IN,2007.0
15,2.5,20153.18181818182,,7.5,0.07062500000000001,26.666666666666668,10.783333333333333,2.0,KS,2007.0
16,2.1,21114.0,,8.833333333333334,0.07992,25.428571428571427,14.470588235294118,4.0,KY,2007.0
17,1.6,22064.5,,9.571428571428571,0.07888235294117647,30.333333333333332,11.225,4.166666666666667,LA,2007.0
18,1.4500000000000002,25013.833333333332,,12.8,0.08390909090909089,18.25,10.3,3.6,MA,2007.0
19,1.375,24055.5,,12.5,0.08415384615384615,26.0,13.185714285714285,3.3333333333333335,MD,2007.0
20,0.43333333333333335,23013.8,,3.0,0.0774,18.25,,0.5,ME,2007.0
21,1.225,26087.32,,14.0,0.08426086956521739,24.5,12.24375,5.0,MI,2007.0
22,1.5166666666666666,27085.25,,8.5,0.06815384615384615,25.5,9.044444444444444,1.0,MN,2007.0
23,1.9333333333333336,29127.333333333332,,10.428571428571429,0.08423076923076923,24.666666666666668,12.68,4.333333333333333,MO,2007.0
24,,28058.333333333332,,,0.07522222222222223,,12.654545454545454,2.0,MS,2007.0
25,2.1799999999999997,30054.076923076922,,3.0,0.05550000000000001,23.4,10.011111111111113,3.0,MT,2007.0
26,1.5374999999999999,37096.86666666667,,12.5,0.08003333333333333,20.636363636363637,12.436666666666667,2.7142857142857144,NC,2007.0
27,,38041.2,,2.5714285714285716,0.059625,11.571428571428571,7.133333333333333,0.7,ND,2007.0
28,2.5,31100.333333333332,,,0.060000000000000005,35.5,8.580000000000002,2.0,NE,2007.0
29,2.2,33010.0,,9.0,0.07775,13.0,9.042857142857144,4.0,NH,2007.0
30,1.6625,34019.23529411765,,17.0,0.08775,26.6,12.872727272727275,2.9,NJ,2007.0
31,1.5999999999999999,35024.2,,9.0,0.06925,29.166666666666668,6.333333333333333,0.3333333333333333,NM,2007.0
32,3.35,32086.571428571428,,19.0,0.07400000000000001,36.0,9.15,0.0,NV,2007.0
33,1.309090909090909,36062.15151515151,,21.166666666666668,0.07882758620689653,13.0,10.9375,3.1363636363636362,NY,2007.0
34,2.3,39086.20930232558,,14.333333333333334,0.08121212121212122,25.0,14.499999999999996,4.6,OH,2007.0
35,3.1750000000000007,40069.52631578947,,8.666666666666666,0.07223529411764706,23.666666666666668,12.275,3.0,OK,2007.0
36,2.5000000000000004,41036.71428571428,,7.0,0.06028571428571428,18.666666666666668,8.833333333333336,1.0,OR,2007.0
37,1.5095238095238093,42062.944444444445,,12.5,0.08018750000000001,21.25,14.329411764705881,5.88,PA,2007.0
38,3.2,72065.5,,,0.033,32.833333333333336,6.733333333333334,1.6666666666666667,PR,2007.0
39,2.5,44006.333333333336,,14.0,0.08666666666666667,14.5,10.1,4.0,RI,2007.0
40,1.3,45045.166666666664,,7.2,0.07522222222222222,25.333333333333332,12.8,1.7142857142857142,SC,2007.0
41,,46056.5,,1.6666666666666667,0.062,20.0,7.75,0.5,SD,2007.0
42,1.425,47109.07692307692,,10.6,0.08476470588235294,27.77777777777778,14.266666666666667,5.2,TN,2007.0
43,1.4899999999999998,48238.0,,8.944444444444445,0.07560000000000001,29.0,11.557142857142853,1.5555555555555556,TX,2007.0
44,3.866666666666667,49034.2,,20.2,0.07579999999999999,30.2,10.542857142857144,2.0,UT,2007.0
45,1.5285714285714285,51317.74285714285,,12.0,0.07757142857142858,21.615384615384617,12.77142857142857,3.4285714285714284,VA,2007.0
46,,78010.0,,,,,,2.0,VI,2007.0
47,1.45,50010.333333333336,,10.5,0.077,13.5,9.366666666666667,5.0,VT,2007.0
48,2.75,53046.09090909091,,8.0,0.05842857142857143,21.0,9.45,,WA,2007.0
49,0.6,55074.096774193546,,14.0,0.07689285714285714,25.5,11.229411764705883,4.5,WI,2007.0
50,2.0,54047.57142857143,,,0.080125,27.5,15.549999999999999,8.375,WV,2007.0
51,1.0,56027.36363636364,,6.0,0.06820000000000001,21.428571428571427,6.6,1.25,WY,2007.0
0,4.55,2091.6,,,0.068,23.0,7.5249999999999995,,AK,2008.0
1,8.1,1084.2941176470588,,,0.06999999999999999,26.75,11.916666666666664,3.0,AL,2008.0
2,1.5,5087.666666666667,,9.5,0.06720000000000001,19.0,11.128571428571428,2.0,AR,2008.0
3,2.25,4015.909090909091,,19.5,0.075,52.111111111111114,10.328571428571427,4.666666666666667,AZ,2008.0
4,2.126923076923077,6057.862745098039,,13.114285714285714,0.08516326530612245,30.097560975609756,11.764864864864863,1.2666666666666666,CA,2008.0
5,2.275,8058.478260869565,,11.5,0.07358333333333333,24.0,7.409999999999999,2.0,CO,2008.0
6,1.9,9007.0,,11.5,0.08157142857142856,18.333333333333332,10.72,2.0,CT,2008.0
7,1.3,10003.0,,16.0,0.08133333333333333,19.0,12.333333333333334,4.0,DE,2008.0
8,1.5499999999999998,12067.90625,,6.714285714285714,0.07117241379310345,19.666666666666668,8.329411764705881,1.4545454545454546,FL,2008.0
9,1.1666666666666667,13138.851851851852,,9.0,0.07638095238095238,22.22222222222222,12.875000000000002,2.25,GA,2008.0
10,1.0,15004.333333333334,,4.0,0.040999999999999995,19.0,5.7,35.5,HI,2008.0
11,0.9666666666666668,19115.21052631579,,8.5,0.05990909090909092,22.833333333333332,10.60714285714286,1.0,IA,2008.0
12,2.9,16033.25,,,0.06533333333333334,19.0,9.7,,ID,2008.0
13,1.92,17109.08,,22.5,0.06395454545454546,22.142857142857142,11.166666666666664,2.8333333333333335,IL,2008.0
14,1.8599999999999999,18088.17948717949,,10.0,0.06944444444444445,24.77777777777778,12.533333333333331,4.625,IN,2008.0
15,1.75,20150.4,,8.0,0.064375,30.0,9.7,2.5,KS,2008.0
16,2.2,21112.866666666665,,9.0,0.07111538461538462,20.166666666666668,11.883333333333333,2.875,KY,2008.0
17,1.8,22062.6,,9.0,0.07105555555555555,31.0,10.387500000000001,3.8333333333333335,LA,2008.0
18,1.48,25013.833333333332,,13.2,0.077,16.6,9.85,3.0,MA,2008.0
19,1.2,24054.933333333334,,16.5,0.07853333333333334,19.0,12.0,2.6666666666666665,MD,2008.0
20,0.5666666666666667,23014.636363636364,,7.5,0.06481818181818183,18.2,5.6,0.5,ME,2008.0
21,1.1,26087.32,,13.0,0.06908695652173914,19.5,10.343750000000002,5.0,MI,2008.0
22,1.2833333333333334,27084.647058823528,,9.0,0.059692307692307704,22.25,9.487499999999999,0.6666666666666666,MN,2008.0
23,1.5999999999999999,29125.235294117647,,9.714285714285714,0.07,24.166666666666668,11.912500000000001,5.2,MO,2008.0
24,,28049.0,,6.0,0.07,,11.629999999999999,,MS,2008.0
25,2.06,30058.5,,,0.057,21.2,8.22,3.0,MT,2008.0
26,1.5,37094.71428571428,,11.0,0.07676666666666666,18.666666666666668,11.592307692307692,2.8333333333333335,NC,2008.0
27,0.7,38039.666666666664,,2.857142857142857,0.0595,12.666666666666666,6.6,0.7777777777777778,ND,2008.0
28,1.9,31092.714285714286,,,0.05449999999999999,31.333333333333332,8.1,1.0,NE,2008.0
29,3.5,33010.0,,9.0,0.069375,13.0,8.357142857142858,3.3333333333333335,NH,2008.0
30,1.6125,34017.875,,16.142857142857142,0.08138461538461537,29.0,11.200000000000001,2.0,NJ,2008.0
31,2.6,35026.333333333336,,8.571428571428571,0.0668888888888889,29.0,6.459999999999999,1.0,NM,2008.0
32,2.675,32071.777777777777,,17.5,0.07333333333333335,26.5,9.75,,NV,2008.0
33,1.1909090909090907,36061.3125,,18.2,0.07440000000000001,12.0,10.166666666666666,2.6666666666666665,NY,2008.0
34,2.1875000000000004,39082.441860465115,,12.666666666666666,0.07545454545454544,22.75,12.844444444444443,4.1,OH,2008.0
35,0.6,40067.47619047619,,6.333333333333333,0.06877777777777777,22.0,10.971428571428572,3.857142857142857,OK,2008.0
36,2.1999999999999997,41036.818181818184,,11.0,0.06342857142857143,18.0,9.8125,1.0,OR,2008.0
37,1.1300000000000001,42061.68571428571,,11.608695652173912,0.07784848484848488,20.35,12.836842105263157,5.0,PA,2008.0
38,2.5,72054.33333333333,,,0.04000000000000001,24.5,5.466666666666668,2.0,PR,2008.0
39,1.0,44006.333333333336,,12.0,0.07733333333333335,20.0,10.7,2.0,RI,2008.0
40,1.0666666666666667,45043.11111111111,,8.0,0.0747142857142857,21.8,11.4,1.4,SC,2008.0
41,,46056.5,,2.6666666666666665,0.058199999999999995,20.0,7.514285714285714,0.6666666666666666,SD,2008.0
42,1.325,47110.52380952381,,10.75,0.07606249999999999,22.77777777777778,12.8,4.75,TN,2008.0
43,2.07,48238.0,,7.894736842105263,0.07270967741935483,23.25,10.742857142857144,1.3,TX,2008.0
44,3.533333333333333,49034.2,,18.8,0.0723,28.2,9.328571428571427,2.0,UT,2008.0
45,1.3714285714285717,51302.4,,10.2,0.0758181818181818,19.583333333333332,11.392857142857142,2.5714285714285716,VA,2008.0
46,,78010.0,,,,31.0,6.1,4.0,VI,2008.0
47,1.4500000000000002,50010.333333333336,,10.0,0.07050000000000001,13.5,8.566666666666666,4.0,VT,2008.0
48,1.6666666666666667,53047.666666666664,,11.0,0.06028571428571428,22.2,9.239999999999998,1.0,WA,2008.0
49,0.4,55074.096774193546,,12.0,0.0643448275862069,18.5,10.98125,2.75,WI,2008.0
50,2.25,54047.57142857143,,,0.071625,20.666666666666668,13.375,8.0,WV,2008.0
51,0.55,56025.57142857143,,2.5,0.07233333333333333,22.75,5.783333333333334,1.5,WY,2008.0
0,4.45,2059.3333333333335,,,0.054000000000000006,23.0,12.4,,AK,2009.0
1,6.7,1081.111111111111,0.91,,0.06321428571428572,21.333333333333332,10.083333333333334,1.0,AL,2009.0
2,1.5,5087.666666666667,,9.0,0.0684,16.0,10.10714285714286,2.0,AR,2009.0
3,2.25,4014.6666666666665,,18.5,0.06733333333333334,37.0,9.0,3.6666666666666665,AZ,2009.0
4,2.12,6057.038461538462,0.17333333333333334,12.264705882352942,0.07675510204081634,27.232558139534884,10.455555555555556,1.0714285714285714,CA,2009.0
5,1.825,8056.416666666667,,10.5,0.06899999999999998,22.842105263157894,6.890909090909091,1.0,CO,2009.0
6,1.6,9007.0,,10.25,0.07142857142857142,16.333333333333332,9.02,1.75,CT,2009.0
7,1.3,10003.0,,,0.068,,10.133333333333333,2.0,DE,2009.0
8,1.5166666666666666,12070.666666666666,0.25,6.375,0.06327586206896553,18.071428571428573,7.5058823529411764,1.25,FL,2009.0
9,1.0,13147.37037037037,,5.666666666666667,0.0681,22.625,11.25294117647059,1.6,GA,2009.0
10,1.2,15004.333333333334,,4.0,0.048,20.0,8.933333333333334,33.0,HI,2009.0
11,1.0,19115.21052631579,,8.0,0.06081818181818182,21.076923076923077,10.261538461538462,1.0,IA,2009.0
12,3.3,16034.6,,,0.06233333333333333,18.333333333333332,8.116666666666665,2.0,ID,2009.0
13,1.8,17107.846153846152,,19.5,0.0659090909090909,19.5,10.326315789473682,1.9166666666666667,IL,2009.0
14,1.9400000000000002,18087.65,0.11666666666666665,11.666666666666666,0.06648148148148147,21.428571428571427,11.626315789473685,3.3333333333333335,IN,2009.0
15,1.65,20141.909090909092,,6.25,0.065625,21.666666666666668,8.833333333333334,2.2,KS,2009.0
16,1.1500000000000001,21112.866666666665,,8.0,0.06565384615384616,17.142857142857142,10.7875,2.2,KY,2009.0
17,1.1,22066.545454545456,,8.428571428571429,0.07231578947368422,20.5,9.241666666666667,3.6666666666666665,LA,2009.0
18,1.42,25013.833333333332,,12.0,0.07249999999999998,16.25,8.875,2.2,MA,2009.0
19,1.2249999999999999,24055.5,,15.0,0.0692857142857143,15.0,10.5875,2.3333333333333335,MD,2009.0
20,0.7666666666666666,23014.636363636364,,6.5,0.0640909090909091,16.4,,1.5,ME,2009.0
21,1.4,26087.25,,13.0,0.0694090909090909,21.0,9.149999999999999,2.0,MI,2009.0
22,1.72,27084.647058823528,,8.0,0.05884615384615387,21.2,8.850000000000001,0.6666666666666666,MN,2009.0
23,1.2333333333333334,29108.9,0.9466666666666667,8.571428571428571,0.0674705882352941,21.142857142857142,10.440000000000001,4.5,MO,2009.0
24,,28048.69230769231,,4.0,0.06666666666666668,,10.023076923076925,,MS,2009.0
25,2.16,30064.0,,3.0,0.056999999999999995,20.333333333333332,7.811111111111111,3.0,MT,2009.0
26,1.28,37091.71428571428,,10.0,0.06593548387096776,16.0,9.21153846153846,2.2,NC,2009.0
27,0.5,38039.666666666664,,2.857142857142857,0.055999999999999994,10.0,5.333333333333333,0.75,ND,2009.0
28,2.55,31082.0,,,0.056999999999999995,25.0,8.075,2.0,NE,2009.0
29,2.0,33008.71428571428,,10.0,0.06514285714285714,13.0,7.750000000000001,4.0,NH,2009.0
30,1.4666666666666666,34019.23529411765,,15.571428571428571,0.07030769230769232,27.333333333333332,9.133333333333331,1.4,NJ,2009.0
31,2.4,35026.333333333336,,7.0,0.061111111111111116,26.0,5.78,0.5,NM,2009.0
32,2.766666666666667,32016.428571428572,,16.0,0.06520000000000001,25.333333333333332,8.5,,NV,2009.0
33,1.2363636363636363,36061.3125,0.05,14.666666666666666,0.06636666666666667,,8.723529411764705,2.142857142857143,NY,2009.0
34,1.9222222222222223,39085.6976744186,,11.666666666666666,0.06943750000000001,20.3125,11.536363636363637,3.6666666666666665,OH,2009.0
35,0.7,40072.5,,6.666666666666667,0.0685,21.4,9.722222222222223,2.2,OK,2009.0
36,2.1,41035.13333333333,,10.0,0.064,17.8,8.85,2.0,OR,2009.0
37,1.2538461538461536,42061.68571428571,0.07999999999999999,10.4375,0.0663939393939394,17.333333333333332,11.892857142857144,4.473684210526316,PA,2009.0
38,2.45,72076.25,,,0.040499999999999994,24.0,5.6,1.6,PR,2009.0
39,1.3,44006.333333333336,,11.0,0.06766666666666667,20.0,9.0,2.0,RI,2009.0
40,0.8,45041.21052631579,,7.666666666666667,0.06343750000000001,20.2,9.766666666666666,1.25,SC,2009.0
41,0.3,46064.333333333336,,2.5,0.058499999999999996,17.22222222222222,7.512500000000001,0.3333333333333333,SD,2009.0
42,1.25,47112.333333333336,0.035,6.8,0.06686666666666667,17.6,10.5,2.5,TN,2009.0
43,1.41,48239.857142857145,0.1025,6.894736842105263,0.07345161290322583,22.5,9.888235294117647,1.4,TX,2009.0
44,2.5666666666666664,49034.2,,17.6,0.06810000000000001,27.0,9.757142857142856,2.5,UT,2009.0
45,1.2,51334.0,,9.0,0.06472727272727274,16.4,9.318749999999998,1.8,VA,2009.0
46,,78010.0,,,,47.0,6.8,3.0,VI,2009.0
47,1.55,50010.333333333336,,8.5,0.064,13.0,7.733333333333333,3.0,VT,2009.0
48,1.8999999999999997,53049.0,,,0.06057142857142857,20.75,9.52,0.5,WA,2009.0
49,0.3,55074.096774193546,,12.0,0.06506896551724137,18.666666666666668,9.700000000000003,2.6666666666666665,WI,2009.0
50,0.9500000000000001,54047.57142857143,,,0.064,18.0,11.516666666666666,5.875,WV,2009.0
51,0.8,56023.42857142857,,2.8,0.06414285714285714,20.5,5.6625000000000005,1.0,WY,2009.0
0,5.1,2091.6,,,0.0485,13.0,9.5,,AK,2010.0
1,2.2,1083.7058823529412,,,0.0702857142857143,23.0,12.0,2.0,AL,2010.0
2,1.6,5084.571428571428,,10.0,0.07220000000000001,23.0,11.384615384615383,2.0,AR,2010.0
3,2.25,4014.6666666666665,,18.5,0.07133333333333333,28.75,7.033333333333333,4.333333333333333,AZ,2010.0
4,1.6199999999999997,6057.038461538462,0.10750000000000001,11.205882352941176,0.07457142857142858,23.227272727272727,9.230555555555553,0.8,CA,2010.0
5,1.7499999999999996,8061.08,0.01,12.75,0.0724,22.294117647058822,6.592307692307693,1.5,CO,2010.0
6,1.5,9007.0,0.01,11.333333333333334,0.078,17.0,8.12,1.3333333333333333,CT,2010.0
7,1.2,10003.0,,13.0,0.08033333333333333,,10.533333333333333,2.0,DE,2010.0
8,1.366666666666667,12069.542857142857,0.73,7.0,0.06749999999999999,17.928571428571427,8.1,1.0833333333333333,FL,2010.0
9,1.2333333333333334,13141.689655172413,0.045000000000000005,7.0,0.07175000000000001,19.818181818181817,12.553333333333333,1.6666666666666667,GA,2010.0
10,0.8,15004.333333333334,,3.0,0.046,19.0,9.233333333333333,37.0,HI,2010.0
11,0.8666666666666667,19115.21052631579,0.26,8.5,0.06436363636363639,23.23076923076923,11.26923076923077,0.3333333333333333,IA,2010.0
12,2.3,16031.8,,10.0,0.062,17.0,9.2,3.0,ID,2010.0
13,1.48,17112.384615384617,0.15,18.5,0.06904761904761905,23.333333333333332,11.411111111111111,2.0,IL,2010.0
14,2.925,18085.736842105263,0.060000000000000005,12.5,0.06877777777777777,24.5,13.672222222222222,3.2857142857142856,IN,2010.0
15,2.1500000000000004,20141.909090909092,,6.75,0.0695,23.4,9.219999999999999,3.3333333333333335,KS,2010.0
16,1.25,21110.214285714286,0.12,7.2,0.072,19.857142857142858,11.706666666666667,2.1818181818181817,KY,2010.0
17,2.0,22066.545454545456,,8.142857142857142,0.07494736842105262,23.6,9.924999999999999,4.25,LA,2010.0
18,1.3199999999999998,25013.833333333332,,11.6,0.07363636363636364,13.4,8.4125,2.2,MA,2010.0
19,1.1749999999999998,24054.933333333334,,15.5,0.08166666666666665,16.0,11.333333333333334,1.6666666666666667,MD,2010.0
20,0.6666666666666666,23014.636363636364,,6.0,0.063,12.8,,0.6666666666666666,ME,2010.0
21,1.25,26084.384615384617,0.10000000000000002,12.0,0.06995652173913045,17.5,8.855555555555558,2.0,MI,2010.0
22,1.875,27084.647058823528,0.09666666666666668,7.0,0.061571428571428576,24.5,8.642857142857142,0.5,MN,2010.0
23,1.0999999999999999,29119.869565217392,0.43599999999999994,14.0,0.07277777777777777,27.75,11.033333333333333,5.333333333333333,MO,2010.0
24,0.7,28045.5,,6.0,0.06966666666666667,,10.766666666666666,1.0,MS,2010.0
25,1.8,30062.6,,2.5,0.056666666666666664,19.0,8.7,3.0,MT,2010.0
26,1.475,37094.813953488374,,10.5,0.07245161290322583,17.333333333333332,10.276666666666667,1.1666666666666667,NC,2010.0
27,0.5,38041.5,,3.1666666666666665,0.061714285714285715,11.6,6.85,0.875,ND,2010.0
28,1.65,31115.4,,,0.057,43.0,8.34,2.0,NE,2010.0
29,2.4,33008.71428571428,,8.0,0.06757142857142857,11.5,7.38,4.333333333333333,NH,2010.0
30,1.5500000000000003,34020.125,,13.714285714285714,0.08228571428571428,25.5,9.263636363636364,1.1,NJ,2010.0
31,2.6,35029.8,,7.666666666666667,0.0648,28.333333333333332,4.6000000000000005,1.0,NM,2010.0
32,2.9,32078.125,,14.5,0.067,28.333333333333332,6.75,,NV,2010.0
33,1.2181818181818185,36062.09090909091,0.04,11.285714285714286,0.07219354838709677,,8.7875,1.65,NY,2010.0
34,1.6375,39082.441860465115,0.0925,11.666666666666666,0.0746969696969697,22.8125,12.528571428571427,3.3125,OH,2010.0
35,0.9666666666666668,40070.2,0.0,6.666666666666667,0.06815789473684213,24.25,10.671428571428573,2.8,OK,2010.0
36,1.8,41039.0,0.03,9.0,0.058333333333333334,14.5,7.072727272727272,1.0,OR,2010.0
37,1.2692307692307692,42061.68571428571,0.12571428571428572,10.5625,0.07678787878787881,19.0625,12.075,3.6842105263157894,PA,2010.0
38,3.1,72061.66666666667,0.25,,0.039,27.6,,1.3333333333333333,PR,2010.0
39,1.6,44006.333333333336,,10.0,0.07533333333333335,13.5,7.75,1.0,RI,2010.0
40,0.7333333333333334,45041.7,,8.0,0.06894117647058824,20.5,10.822222222222223,1.0,SC,2010.0
41,0.3,46064.333333333336,,3.6666666666666665,0.06066666666666667,18.333333333333332,7.775,0.25,SD,2010.0
42,1.3,47112.333333333336,0.04,10.666666666666666,0.07539999999999998,21.5,12.850000000000001,3.857142857142857,TN,2010.0
43,1.17,48241.0,0.105,6.65,0.07378124999999999,23.11111111111111,10.1,1.1818181818181819,TX,2010.0
44,1.8999999999999997,49031.90909090909,0.04,12.8,0.07409090909090908,25.2,8.225,2.5,UT,2010.0
45,1.4625000000000001,51325.91891891892,0.11,9.777777777777779,0.07545454545454545,16.6,10.25,1.6666666666666667,VA,2010.0
46,,78010.0,,,,54.0,6.7,2.0,VI,2010.0
47,1.1,50010.333333333336,,8.5,0.0655,13.5,7.866666666666667,2.0,VT,2010.0
48,0.9333333333333332,53052.27272727273,,7.0,0.059375,18.5,7.279999999999999,1.0,WA,2010.0
49,0.4,55074.096774193546,0.15,13.0,0.06713793103448276,18.333333333333332,9.164705882352942,3.0,WI,2010.0
50,0.8,54047.46153846154,,,0.07275,20.0,12.681818181818182,5.125,WV,2010.0
51,0.6,56023.35294117647,,3.0,0.0645,20.181818181818183,5.8125,1.0,WY,2010.0
0,3.75,2091.6,,,0.04966666666666667,14.0,7.250000000000001,,AK,2011.0
1,5.5,1080.7777777777778,1.03,,0.06840000000000002,22.333333333333332,11.160000000000002,2.0,AL,2011.0
2,1.4,5088.333333333333,,10.0,0.06966666666666667,23.0,11.469230769230771,2.0,AR,2011.0
3,2.25,4014.6666666666665,0.27,18.5,0.07466666666666667,37.666666666666664,8.049999999999999,2.6666666666666665,AZ,2011.0
4,2.0,6057.038461538462,0.125,12.03125,0.07416326530612245,26.736842105263158,10.77560975609756,0.8461538461538461,CA,2011.0
5,1.45,8062.0,0.015,13.0,0.07523529411764704,21.68421052631579,6.675000000000001,1.5,CO,2011.0
6,1.575,9007.0,0.01,9.75,0.07899999999999999,12.0,8.82,1.5,CT,2011.0
7,1.1,10003.0,,,0.07733333333333335,,9.966666666666667,,DE,2011.0
8,1.2333333333333332,12070.861111111111,0.98,5.857142857142857,0.06714705882352945,17.714285714285715,8.6,0.6666666666666666,FL,2011.0
9,1.0999999999999999,13134.84,0.030000000000000002,6.666666666666667,0.07404761904761904,18.7,12.5,1.5714285714285714,GA,2011.0
10,0.85,15003.666666666666,,3.0,0.05,18.0,10.55,18.0,HI,2011.0
11,0.7000000000000001,19115.21052631579,0.08,7.5,0.06427272727272727,22.416666666666668,10.37142857142857,1.5,IA,2011.0
12,1.6,16032.6,,,0.061,17.4,9.933333333333332,2.0,ID,2011.0
13,1.44,17111.37037037037,0.13166666666666668,16.0,0.0707391304347826,22.0,,1.7272727272727273,IL,2011.0
14,3.275,18089.15,0.1,9.75,0.07296428571428572,21.571428571428573,12.066666666666666,3.1666666666666665,IN,2011.0
15,2.45,20146.4,,8.0,0.07411111111111111,22.333333333333332,9.700000000000001,2.0,KS,2011.0
16,1.0999999999999999,21120.8,0.036666666666666674,6.0,0.07159259259259258,18.0,10.553846153846154,1.8,KY,2011.0
17,1.4,22066.545454545456,,7.714285714285714,0.07605263157894736,24.8,9.966666666666667,4.75,LA,2011.0
18,1.6,25013.833333333332,0.0,13.4,0.07020000000000001,13.6,8.737499999999999,2.4,MA,2011.0
19,1.05,24053.066666666666,,15.5,0.08293333333333333,13.333333333333334,11.37142857142857,1.5,MD,2011.0
20,0.6333333333333334,23014.636363636364,,5.5,0.062000000000000006,14.333333333333334,,0.3333333333333333,ME,2011.0
21,1.45,26084.384615384617,0.04666666666666666,6.666666666666667,0.0747391304347826,17.5,8.77222222222222,2.0,MI,2011.0
22,1.16,27084.647058823528,,8.5,0.061000000000000006,34.666666666666664,8.6,0.6666666666666666,MN,2011.0
23,1.4,29124.363636363636,0.4125000000000001,14.0,0.07511111111111111,27.4,11.075,3.3333333333333335,MO,2011.0
24,1.0,28058.833333333332,,5.0,0.06944444444444445,,10.433333333333334,1.0,MS,2011.0
25,1.1199999999999999,30065.923076923078,,3.0,0.05450000000000001,23.0,8.299999999999999,1.3333333333333333,MT,2011.0
26,1.4249999999999998,37095.63636363636,,9.0,0.07073529411764706,14.333333333333334,9.49310344827586,1.1666666666666667,NC,2011.0
27,0.4,38039.666666666664,,2.4285714285714284,0.057624999999999996,12.4,6.683333333333334,0.875,ND,2011.0
28,1.55,31094.0,,,0.061,24.0,9.379999999999999,,NE,2011.0
29,2.0,33008.71428571428,,,0.06357142857142857,9.0,8.116666666666667,3.3333333333333335,NH,2011.0
30,1.4857142857142855,34020.125,,15.833333333333334,0.07966666666666665,31.5,9.933333333333334,1.8,NJ,2011.0
31,2.2,35032.09090909091,,7.833333333333333,0.0693,26.0,5.4,0.3333333333333333,NM,2011.0
32,2.766666666666667,32070.222222222223,,15.0,0.06783333333333334,26.75,7.449999999999999,1.0,NV,2011.0
33,1.3444444444444446,36061.125,1.03,8.75,0.06862068965517241,,8.807142857142855,1.6842105263157894,NY,2011.0
34,1.775,39082.86363636364,0.076,10.333333333333334,0.07652941176470587,19.733333333333334,11.217391304347826,3.125,OH,2011.0
35,0.9,40067.818181818184,0.015,7.75,0.08028571428571428,27.0,10.666666666666666,2.4,OK,2011.0
36,2.4,41039.25,0.04,9.0,0.05722222222222221,13.75,8.969999999999999,,OR,2011.0
37,1.2,42063.37837837838,0.07750000000000001,10.5625,0.07357142857142857,17.071428571428573,11.704761904761906,2.736842105263158,PA,2011.0
38,2.1999999999999997,72067.8,0.34,,0.040499999999999994,26.0,,1.0,PR,2011.0
39,1.3,44006.333333333336,,11.0,0.075,13.0,8.15,,RI,2011.0
40,0.9,45041.7,0.015,7.333333333333333,0.06835294117647059,19.4,10.700000000000001,0.8,SC,2011.0
41,0.5,46064.333333333336,,4.5,0.05983333333333333,15.857142857142858,6.725,0.5,SD,2011.0
42,1.3,47105.166666666664,0.125,9.25,0.07282352941176469,20.6,12.75,2.5,TN,2011.0
43,1.175,48229.28571428572,0.11333333333333334,6.380952380952381,0.07956250000000001,26.8,11.244444444444445,1.0,TX,2011.0
44,1.8,49030.166666666664,0.06,12.142857142857142,0.07641666666666667,20.4,7.737500000000001,1.5,UT,2011.0
45,1.3285714285714287,51290.325,0.02,8.727272727272727,0.07233333333333333,15.666666666666666,9.435294117647057,1.0,VA,2011.0
46,,78010.0,,,,,,4.0,VI,2011.0
47,1.45,50010.333333333336,,8.0,0.058499999999999996,,,3.0,VT,2011.0
48,1.0999999999999999,53053.333333333336,,6.0,0.051375,19.0,8.183333333333332,0.5,WA,2011.0
49,0.7,55067.206896551725,,6.0,0.06925925925925928,16.0,9.745454545454548,2.2,WI,2011.0
50,0.95,54042.692307692305,,,0.07011111111111111,18.0,11.336363636363636,5.2,WV,2011.0
51,0.5,56023.35294117647,,3.0,0.06866666666666668,20.307692307692307,5.522222222222222,0.5,WY,2011.0
0,4.55,2096.6666666666665,,,0.04866666666666667,16.8,6.659999999999999,8.0,AK,2012.0
1,1.7,1078.7777777777778,0.4466666666666667,,0.06935714285714287,19.666666666666668,9.666666666666666,1.0,AL,2012.0
2,1.4,5071.909090909091,0.01,10.0,0.07366666666666667,20.0,10.222222222222221,2.0,AR,2012.0
3,1.85,4014.4166666666665,0.2,19.5,0.0757,38.2,8.5125,4.0,AZ,2012.0
4,1.7875000000000003,6057.846153846154,0.042,11.612903225806452,0.07495918367346939,25.88095238095238,9.537499999999998,0.6923076923076923,CA,2012.0
5,1.2249999999999999,8060.481481481482,,13.0,0.07517647058823529,22.352941176470587,5.6,1.0,CO,2012.0
6,1.425,9008.0,0.01,8.0,0.08087499999999999,12.75,8.02,0.75,CT,2012.0
7,1.3,10003.0,0.0,12.0,0.08466666666666667,,9.2,1.0,DE,2012.0
8,1.3666666666666665,12070.394736842105,0.98,6.2,0.06502857142857145,18.384615384615383,8.3,0.6,FL,2012.0
9,1.0333333333333334,13144.666666666666,0.06666666666666667,6.333333333333333,0.07223809523809524,17.0,10.4375,1.2857142857142858,GA,2012.0
10,1.0,15005.0,0.0,3.0,0.046,19.0,9.125,27.0,HI,2012.0
11,1.2666666666666666,19115.444444444445,0.2,6.0,0.07100000000000004,24.727272727272727,9.66923076923077,1.5,IA,2012.0
12,1.6,16031.222222222223,0.0,,0.0695,20.0,13.333333333333334,3.0,ID,2012.0
13,1.2000000000000002,17111.56,0.10600000000000001,14.0,0.0785909090909091,,,1.5454545454545454,IL,2012.0
14,2.75,18090.560975609755,0.17,9.5,0.0776896551724138,22.285714285714285,11.09,2.7142857142857144,IN,2012.0
15,3.5999999999999996,20147.166666666668,0.11,7.25,0.07955555555555556,22.6,8.633333333333333,1.6666666666666667,KS,2012.0
16,1.0,21117.137931034482,0.08,6.0,0.07830769230769231,18.857142857142858,9.975,1.5,KY,2012.0
17,1.7,22066.545454545456,,7.428571428571429,0.0706842105263158,22.4,9.590909090909092,3.5,LA,2012.0
18,1.35,25013.833333333332,0.005,11.4,0.07445454545454545,14.5,8.37142857142857,2.0,MA,2012.0
19,0.9600000000000002,24053.066666666666,,12.333333333333334,0.08166666666666665,14.0,10.44,1.3333333333333333,MD,2012.0
20,0.6999999999999998,23014.636363636364,,5.333333333333333,0.06254545454545456,14.833333333333334,,0.6666666666666666,ME,2012.0
21,1.8499999999999999,26089.85714285714,0.027499999999999997,9.0,0.083,23.0,8.763157894736844,2.0,MI,2012.0
22,1.04,27084.647058823528,0.0425,6.333333333333333,0.06471428571428571,19.75,8.377777777777778,0.3333333333333333,MN,2012.0
23,1.2,29119.869565217392,0.256,14.0,0.08183333333333333,29.0,10.3,4.6,MO,2012.0
24,0.6,28062.333333333332,,4.0,0.06999999999999999,,,1.0,MS,2012.0
25,0.7,30070.333333333332,,2.0,0.0558,24.285714285714285,10.562500000000002,1.25,MT,2012.0
26,1.1500000000000001,37095.22727272727,0.0,9.0,0.07093939393939394,14.571428571428571,8.440000000000001,0.5,NC,2012.0
27,0.4,38039.666666666664,,2.857142857142857,0.058124999999999996,15.0,6.328571428571428,0.8888888888888888,ND,2012.0
28,1.5999999999999999,31096.2,0.07500000000000001,,0.06925,38.666666666666664,9.52,2.0,NE,2012.0
29,0.9666666666666667,33008.71428571428,0.0,,0.06657142857142857,10.0,7.8,1.0,NH,2012.0
30,1.8499999999999999,34020.125,0.0,14.0,0.07999999999999999,29.5,9.058333333333332,0.8333333333333334,NJ,2012.0
31,2.2,35029.8,0.01,7.666666666666667,0.0692,25.333333333333332,5.7,0.6666666666666666,NM,2012.0
32,3.6,32070.222222222223,,14.0,0.07033333333333334,27.75,8.85,0.5,NV,2012.0
33,0.9888888888888889,36063.0,0.06,12.75,0.07243333333333335,,8.681818181818182,1.2352941176470589,NY,2012.0
34,1.575,39081.46511627907,0.02727272727272728,14.0,0.07917647058823529,24.46153846153846,10.522727272727277,2.25,OH,2012.0
35,0.7333333333333334,40063.73684210526,0.013333333333333334,7.5,0.0791578947368421,21.666666666666668,10.2,2.3333333333333335,OK,2012.0
36,2.1,41037.375,0.030000000000000002,9.0,0.06222222222222223,14.25,8.260000000000002,1.0,OR,2012.0
37,1.1583333333333332,42061.32432432433,0.14,9.333333333333334,0.0766388888888889,17.133333333333333,11.104347826086956,2.4,PA,2012.0
38,3.1333333333333333,72070.33333333333,0.07333333333333333,20.0,0.045,28.75,6.24,2.0,PR,2012.0
39,1.0,44006.333333333336,,10.0,0.07766666666666668,11.5,7.25,1.0,RI,2012.0
40,1.0,45037.5,0.0,7.0,0.06485714285714286,16.0,,0.0,SC,2012.0
41,0.55,46064.333333333336,,5.25,0.068,19.77777777777778,7.624999999999999,0.0,SD,2012.0
42,1.05,47105.0,0.08,11.0,0.07582352941176469,19.5,11.55,2.5,TN,2012.0
43,1.2625,48242.94285714286,0.074,6.2105263157894735,0.07645454545454546,22.8,10.28,0.9,TX,2012.0
44,1.46,49027.71428571428,0.05,10.75,0.07271428571428572,21.5,7.466666666666667,0.6666666666666666,UT,2012.0
45,1.2857142857142858,51283.97368421053,0.023333333333333334,7.8,0.07169565217391305,13.727272727272727,8.581249999999999,1.0,VA,2012.0
46,,78010.0,,,,,,2.0,VI,2012.0
47,1.25,50010.333333333336,,7.0,0.067,7.0,7.95,2.0,VT,2012.0
48,0.9333333333333332,53047.833333333336,0.04,9.0,0.05828571428571428,16.5,8.379999999999999,1.0,WA,2012.0
49,0.4,55065.13333333333,0.1,6.5,0.07823076923076924,15.428571428571429,8.930769230769231,1.8,WI,2012.0
50,0.9,54045.4,,,0.071,17.0,10.416666666666666,4.285714285714286,WV,2012.0
51,0.6666666666666666,56022.0,,3.75,0.0668,21.5,6.028571428571429,0.75,WY,2012.0
0,3.6,2091.6,,,0.049,16.5,7.299999999999999,7.0,AK,2013.0
1,1.7,1080.7777777777778,0.14,,0.061733333333333335,18.75,8.92,0.5,AL,2013.0
2,1.1,5071.909090909091,0.0,9.0,0.06616666666666667,20.0,9.666666666666664,2.0,AR,2013.0
3,1.9000000000000001,4014.4615384615386,0.05333333333333334,18.0,0.07169999999999999,34.5,8.75,2.6666666666666665,AZ,2013.0
4,1.9708333333333334,6057.16,0.035,11.96875,0.07191666666666667,27.289473684210527,11.071428571428568,0.6153846153846154,CA,2013.0
5,1.4625,8062.538461538462,0.01,9.5,0.07368421052631578,22.0,6.833333333333333,1.5,CO,2013.0
6,1.375,9008.0,,8.25,0.079625,12.5,7.659999999999999,0.6666666666666666,CT,2013.0
7,1.1,10003.0,0.0,2.0,0.06766666666666667,,8.700000000000001,0.5,DE,2013.0
8,0.9666666666666668,12068.861111111111,0.49,5.571428571428571,0.06309090909090909,16.25,6.55,0.3,FL,2013.0
9,1.0,13141.0,0.043333333333333335,5.333333333333333,0.06276190476190477,16.0,9.47777777777778,1.3333333333333333,GA,2013.0
10,1.1,15005.0,0.0,2.5,0.047,19.0,7.3,11.0,HI,2013.0
11,1.0666666666666667,19115.21052631579,0.13,6.0,0.06154545454545454,21.333333333333332,9.471428571428572,1.0,IA,2013.0
12,1.4,16033.857142857143,0.0,11.0,0.067,19.0,12.699999999999998,2.0,ID,2013.0
13,0.6333333333333333,17111.37037037037,0.04,16.0,0.06530434782608696,30.0,,1.25,IL,2013.0
14,2.55,18090.560975609755,0.06,10.0,0.06448275862068965,19.0,10.575,2.5714285714285716,IN,2013.0
15,1.5,20148.833333333332,0.12000000000000001,6.75,0.066625,19.666666666666668,8.55,0.6666666666666666,KS,2013.0
16,0.85,21120.8,0.03666666666666667,5.8,0.0621851851851852,15.666666666666666,9.471428571428572,0.7,KY,2013.0
17,1.8,22066.545454545456,,7.142857142857143,0.06521052631578948,20.2,8.391666666666667,2.0,LA,2013.0
18,1.0999999999999999,25013.833333333332,0.0,10.8,0.0699090909090909,14.75,7.357142857142857,1.8,MA,2013.0
19,0.8400000000000001,24053.066666666666,0.0,11.333333333333334,0.0682,13.0,9.23,1.0,MD,2013.0
20,0.6999999999999998,23014.636363636364,,4.666666666666667,0.06481818181818182,13.25,,0.3333333333333333,ME,2013.0
21,1.3,26089.85714285714,0.03,8.666666666666666,0.06792000000000001,18.0,7.958823529411766,1.5,MI,2013.0
22,1.475,27084.647058823528,0.043333333333333335,8.0,0.062000000000000006,21.666666666666668,7.983333333333333,1.0,MN,2013.0
23,1.0,29118.5,0.3233333333333334,13.5,0.06633333333333333,22.333333333333332,9.899999999999999,3.6666666666666665,MO,2013.0
24,1.5,28062.333333333332,,4.0,0.061888888888888896,,,1.0,MS,2013.0
25,0.7000000000000001,30065.615384615383,,1.1666666666666667,0.055,15.833333333333334,7.254545454545456,1.0,MT,2013.0
26,1.5,37093.8,0.0,7.0,0.06252941176470589,14.75,8.489999999999998,0.25,NC,2013.0
27,0.3,38039.666666666664,,2.7142857142857144,0.059111111111111114,13.285714285714286,5.888888888888889,1.0,ND,2013.0
28,1.9,31097.666666666668,0.03,,0.06266666666666666,29.0,8.819999999999999,2.0,NE,2013.0
29,0.6666666666666666,33008.71428571428,0.0,,0.06471428571428571,16.0,7.333333333333333,1.0,NH,2013.0
30,1.65,34020.125,0.0,13.0,0.06928571428571428,19.0,9.084615384615384,0.7142857142857143,NJ,2013.0
31,1.1,35029.8,0.01,6.833333333333333,0.0689,20.25,6.65,0.3333333333333333,NM,2013.0
32,2.65,32078.375,0.01,15.0,0.06966666666666667,28.5,11.55,1.5,NV,2013.0
33,0.9714285714285715,36062.18518518518,0.11,14.333333333333334,0.06553846153846155,,7.627272727272728,1.1538461538461537,NY,2013.0
34,1.4125,39081.681818181816,0.020833333333333332,12.5,0.06638235294117648,21.142857142857142,10.447368421052632,1.8888888888888888,OH,2013.0
35,0.7333333333333334,40072.4,0.03,7.666666666666667,0.06947368421052631,19.8,9.440000000000001,1.0,OK,2013.0
36,1.8,41035.13333333333,0.0,10.0,0.05633333333333333,14.333333333333334,11.04,1.0,OR,2013.0
37,1.1583333333333332,42063.15,0.06777777777777778,7.5,0.06756756756756757,17.0,10.84090909090909,2.1666666666666665,PA,2013.0
38,2.0333333333333337,72067.16666666667,2.5,,0.030500000000000003,25.6,5.4750000000000005,3.0,PR,2013.0
39,1.3,44006.333333333336,0.01,10.0,0.076,14.0,7.0,1.0,RI,2013.0
40,0.7,45039.444444444445,0.0,6.333333333333333,0.058399999999999994,15.0,9.0,0.0,SC,2013.0
41,0.4,46064.333333333336,,4.25,0.06316666666666666,18.555555555555557,7.6125,0.25,SD,2013.0
42,1.075,47109.90909090909,0.05333333333333334,11.0,0.06287500000000001,17.571428571428573,9.158333333333333,2.0,TN,2013.0
43,1.1333333333333335,48242.94285714286,0.03,5.8,0.07208823529411763,24.6,10.05,0.7692307692307693,TX,2013.0
44,2.075,49027.71428571428,0.08,12.75,0.07815384615384617,22.8,12.9,1.0,UT,2013.0
45,1.275,51286.59459459459,0.006666666666666667,7.4,0.06254166666666668,11.375,7.9785714285714295,1.0,VA,2013.0
46,1.1,50010.333333333336,,7.0,0.062,7.0,6.666666666666667,,VT,2013.0
47,1.2666666666666666,53050.333333333336,0.0,6.0,0.05275,17.666666666666668,7.983333333333334,1.0,WA,2013.0
48,0.3,55064.333333333336,0.11,5.5,0.06552,16.125,8.025,1.5,WI,2013.0
49,1.0,54045.4,0.01,,0.06280000000000001,15.5,9.541666666666668,3.8,WV,2013.0
50,0.4666666666666666,56023.35294117647,,3.5555555555555554,0.06471428571428571,18.692307692307693,4.77,1.8,WY,2013.0
0,2.8499999999999996,2091.6,,,0.04866666666666667,20.666666666666668,8.075,7.0,AK,2014.0
1,2.4,1080.7777777777778,0.055,14.0,0.06186666666666669,20.0,9.545454545454547,2.0,AL,2014.0
2,1.2,5072.4,0.0,8.5,0.06316666666666666,20.0,9.2625,1.5,AR,2014.0
3,1.95,4014.4615384615386,0.07333333333333335,18.0,0.0724,37.09090909090909,7.487500000000001,2.6666666666666665,AZ,2014.0
4,1.6423076923076925,6057.862745098039,0.037142857142857144,10.787878787878787,0.0743265306122449,26.615384615384617,9.96315789473684,0.38461538461538464,CA,2014.0
5,1.45,8059.076923076923,0.0,9.333333333333334,0.06657894736842107,22.352941176470587,6.881818181818181,1.6666666666666667,CO,2014.0
6,1.175,9008.0,0.01,9.5,0.073375,12.25,7.839999999999999,0.75,CT,2014.0
7,1.0,10003.0,0.0,,0.068,,8.866666666666667,0.5,DE,2014.0
8,1.3333333333333333,12071.027027027027,0.13,6.0,0.06326470588235293,15.5,6.8374999999999995,0.6363636363636364,FL,2014.0
9,1.2,13155.285714285714,,6.0,0.06499999999999997,17.0,10.153333333333334,1.3333333333333333,GA,2014.0
10,1.3,15003.666666666666,,2.5,0.054000000000000006,19.0,6.866666666666667,12.5,HI,2014.0
11,0.7666666666666667,19115.21052631579,0.1,6.0,0.06218181818181818,21.25,9.399999999999999,1.4285714285714286,IA,2014.0
12,2.1,16033.0,0.0,,0.0635,17.0,8.333333333333334,2.0,ID,2014.0
13,0.8333333333333334,17108.153846153848,0.0375,16.0,0.06595652173913044,33.0,,1.5454545454545454,IL,2014.0
14,2.733333333333333,18088.52380952381,0.07333333333333333,9.0,0.06300000000000001,20.5,11.199999999999998,2.375,IN,2014.0
15,1.1,20152.636363636364,0.08,6.75,0.065375,19.6,9.2,1.3333333333333333,KS,2014.0
16,0.7000000000000001,21119.55172413793,0.02666666666666667,5.6,0.06448148148148147,16.666666666666668,9.646666666666668,1.0,KY,2014.0
17,1.3,22066.545454545456,,7.75,0.06842105263157897,20.25,8.144444444444444,1.8,LA,2014.0
18,0.9500000000000001,25013.615384615383,0.0,9.666666666666666,0.062307692307692314,12.333333333333334,6.9875,1.0,MA,2014.0
19,0.75,24051.4375,0.0,11.2,0.06633333333333334,13.0,9.33,1.0,MD,2014.0
20,0.5,23014.636363636364,,4.5,0.059090909090909104,11.333333333333334,8.25,0.3333333333333333,ME,2014.0
21,1.2,26089.85714285714,0.022,8.0,0.06808,17.333333333333332,8.73125,1.8,MI,2014.0
22,1.02,27089.333333333332,0.025000000000000005,11.0,0.06028571428571429,23.4,7.480000000000001,1.0,MN,2014.0
23,1.05,29118.5,0.15000000000000002,13.5,0.06561111111111112,24.166666666666668,9.883333333333335,2.3333333333333335,MO,2014.0
24,1.5,28062.333333333332,0.01,4.0,0.065,17.0,,1.0,MS,2014.0
25,0.75,30065.615384615383,,1.6,0.053857142857142846,18.625,7.1090909090909085,1.25,MT,2014.0
26,1.3333333333333333,37093.666666666664,0.0,8.333333333333334,0.06385714285714286,12.428571428571429,8.562962962962962,0.16666666666666666,NC,2014.0
27,0.3,38039.666666666664,,3.0,0.05722222222222221,13.375,4.888888888888889,0.7777777777777778,ND,2014.0
28,1.5,31090.75,0.01,,0.06233333333333333,25.333333333333332,7.824999999999999,2.0,NE,2014.0
29,0.4,33008.71428571428,0.0,,0.064,9.0,7.133333333333334,1.0,NH,2014.0
30,1.72,34020.125,0.0,13.857142857142858,0.06793333333333335,16.0,9.076923076923078,0.7142857142857143,NJ,2014.0
31,1.2,35030.63636363636,0.0,7.0,0.06536363636363637,29.75,5.7,0.3333333333333333,NM,2014.0
32,2.5999999999999996,32070.222222222223,0.01,14.0,0.06933333333333334,25.75,8.2,0.5,NV,2014.0
33,0.942857142857143,36062.07142857143,0.02,12.25,0.0628846153846154,,7.358333333333333,1.125,NY,2014.0
34,1.2875,39081.681818181816,0.022222222222222223,15.666666666666666,0.0668529411764706,19.923076923076923,10.18333333333333,1.894736842105263,OH,2014.0
35,0.6666666666666666,40067.47619047619,0.02,6.25,0.06520000000000001,20.4,9.133333333333333,1.25,OK,2014.0
36,1.15,41035.13333333333,0.0,8.0,0.059333333333333335,12.5,8.444444444444445,1.0,OR,2014.0
37,1.133333333333333,42062.21951219512,0.06454545454545456,7.75,0.06502702702702703,16.46153846153846,11.378947368421052,2.3,PA,2014.0
38,3.225,72069.44444444444,0.6866666666666665,,0.028500000000000004,23.0,,0.5,PR,2014.0
39,1.7,44006.333333333336,0.01,10.0,0.06466666666666666,10.0,5.033333333333333,1.0,RI,2014.0
40,0.7,45041.21052631579,0.0,7.0,0.06142857142857144,15.6,9.116666666666667,0.0,SC,2014.0
41,0.5,46064.333333333336,,4.0,0.05983333333333333,17.77777777777778,5.616666666666667,0.25,SD,2014.0
42,0.7999999999999999,47108.80952380953,0.03,8.5,0.06506250000000001,18.0,9.32727272727273,2.75,TN,2014.0
43,1.0444444444444445,48246.61111111111,0.01,5.7,0.06697058823529413,25.727272727272727,9.808333333333335,0.5714285714285714,TX,2014.0
44,1.8666666666666665,49027.71428571428,0.1,10.428571428571429,0.06784615384615383,18.6,7.728571428571429,1.0,UT,2014.0
45,1.042857142857143,51299.45714285714,0.005,7.0,0.06180952380952382,11.5,8.217647058823527,1.0,VA,2014.0
46,0.75,50010.333333333336,,7.0,0.06,7.0,7.3,1.0,VT,2014.0
47,1.2333333333333334,53050.333333333336,0.0,8.5,0.055999999999999994,17.25,6.7375,1.0,WA,2014.0
48,0.55,55068.769230769234,0.09,16.0,0.06684000000000001,15.4,8.772727272727273,1.8333333333333333,WI,2014.0
49,0.75,54042.857142857145,0.01,,0.0629,16.0,9.729999999999999,3.0,WV,2014.0
50,0.4666666666666666,56023.0,,4.222222222222222,0.06085714285714287,17.214285714285715,4.627272727272728,1.8333333333333333,WY,2014.0
0,2.5999999999999996,2091.6,,13.0,0.04866666666666667,18.0,10.274999999999999,7.0,AK,2015.0
1,1.9,1080.7777777777778,0.045000000000000005,13.0,0.06253333333333333,23.0,9.02142857142857,1.0,AL,2015.0
2,1.0,5071.909090909091,,8.0,0.0635,21.0,8.822222222222221,1.5,AR,2015.0
3,2.0,4014.4615384615386,0.043333333333333335,10.666666666666666,0.06999999999999999,27.4,7.7,2.0,AZ,2015.0
4,1.6538461538461533,6057.862745098039,0.042,10.909090909090908,0.07410204081632654,25.166666666666668,9.832558139534887,0.5714285714285714,CA,2015.0
5,1.4428571428571428,8056.692307692308,,9.5,0.06973684210526315,19.1875,6.377777777777776,1.6666666666666667,CO,2015.0
6,1.225,9008.0,0.0,10.333333333333334,0.07700000000000001,15.25,8.1,0.25,CT,2015.0
7,1.2,10003.0,0.0,12.0,0.06933333333333334,,8.566666666666666,0.0,DE,2015.0
8,0.9000000000000001,12069.605263157895,0.15,6.714285714285714,0.05988235294117647,14.75,6.541176470588234,0.7272727272727273,FL,2015.0
9,1.3333333333333333,13150.333333333334,0.025,10.25,0.06452380952380952,16.5,9.025,1.1666666666666667,GA,2015.0
10,1.6,15005.0,0.0,3.0,0.049,21.0,6.725,9.0,HI,2015.0
11,0.8000000000000002,19115.21052631579,0.07,5.0,0.060454545454545455,20.0,8.415384615384616,0.8571428571428571,IA,2015.0
12,2.5,16029.0,0.0,,0.0635,20.0,9.514285714285714,1.6666666666666667,ID,2015.0
13,0.7666666666666666,17108.153846153848,0.0375,13.0,0.06508695652173914,26.5,9.093333333333334,1.3333333333333333,IL,2015.0
14,1.9333333333333333,18086.31818181818,0.14250000000000002,7.833333333333333,0.06409677419354838,19.857142857142858,9.930434782608694,1.8666666666666667,IN,2015.0
15,1.2,20162.2,0.06,5.6,0.0625,19.8,7.75,1.5,KS,2015.0
16,0.7999999999999999,21116.428571428572,0.08,7.166666666666667,0.065,17.666666666666668,8.76923076923077,0.375,KY,2015.0
17,1.75,22065.47619047619,0.005,6.875,0.0675294117647059,20.5,8.370000000000001,1.4,LA,2015.0
18,0.95,25015.363636363636,0.0,9.666666666666666,0.0652,12.75,6.800000000000001,1.0,MA,2015.0
19,0.9333333333333335,24051.4375,0.0,11.0,0.07060000000000002,14.0,9.200000000000001,1.0,MD,2015.0
20,0.5666666666666667,23014.636363636364,,5.0,0.06163636363636363,12.6,7.32,0.25,ME,2015.0
21,1.45,26089.85714285714,0.030000000000000002,8.666666666666666,0.06720000000000001,23.0,8.735294117647058,1.4,MI,2015.0
22,1.175,27080.333333333332,0.043333333333333335,9.666666666666666,0.05900000000000001,24.0,6.54,0.6,MN,2015.0
23,1.2,29118.5,0.05833333333333333,10.0,0.06433333333333331,24.0,9.585714285714285,2.1666666666666665,MO,2015.0
24,1.5,28058.090909090908,,4.0,0.061111111111111116,,8.739999999999998,0.5,MS,2015.0
25,0.8,30067.285714285714,,1.2,0.057249999999999995,20.375,9.418181818181816,0.5,MT,2015.0
26,1.2333333333333334,37093.87804878049,0.0,7.5,0.06320588235294118,13.2,7.705,0.16666666666666666,NC,2015.0
27,0.7,38045.0,,2.857142857142857,0.061888888888888896,14.833333333333334,5.911111111111111,0.6,ND,2015.0
28,1.7,31097.666666666668,0.0,,0.06266666666666666,25.0,7.5,1.0,NE,2015.0
29,0.35,33008.71428571428,0.0,3.0,0.061714285714285715,12.0,6.76,1.0,NH,2015.0
30,1.54,34020.125,0.0,14.25,0.07307142857142856,18.0,9.023076923076925,0.14285714285714285,NJ,2015.0
31,1.4,35032.333333333336,0.0,7.2,0.06666666666666668,33.0,6.633333333333333,0.5,NM,2015.0
32,2.3,32078.375,0.01,14.5,0.07033333333333334,22.25,7.6000000000000005,1.0,NV,2015.0
33,1.1142857142857143,36062.07142857143,0.03,12.4,0.06776923076923075,,7.97142857142857,0.8125,NY,2015.0
34,1.4,39081.681818181816,0.017777777777777778,15.666666666666666,0.06852941176470588,20.846153846153847,10.320000000000002,1.3333333333333333,OH,2015.0
35,0.8000000000000002,40067.63157894737,0.01,6.25,0.06370588235294118,17.75,7.779999999999999,1.0,OK,2015.0
36,1.6,41035.13333333333,0.0,11.5,0.065,15.5,8.944444444444446,0.0,OR,2015.0
37,1.2375,42060.02564102564,0.05,8.588235294117647,0.06942857142857144,16.333333333333332,10.704166666666667,1.736842105263158,PA,2015.0
38,1.7999999999999998,72074.11111111111,,,0.0335,27.666666666666668,6.166666666666667,1.0,PR,2015.0
39,1.8,44006.333333333336,0.01,22.0,0.07266666666666667,14.5,7.400000000000001,0.0,RI,2015.0
40,0.8,45041.11111111111,0.0,7.5,0.0605,15.0,8.2,,SC,2015.0
41,0.6,46064.4,,4.0,0.06,18.11111111111111,6.588888888888889,0.5,SD,2015.0
42,1.175,47105.608695652176,0.03,11.333333333333334,0.06553333333333332,23.8,8.366666666666667,1.8,TN,2015.0
43,1.3624999999999998,48242.94285714286,0.006666666666666667,6.05,0.07105882352941176,23.7,9.319999999999999,0.46153846153846156,TX,2015.0
44,1.8333333333333333,49029.36363636364,0.07,10.333333333333334,0.06981818181818182,16.0,6.75,0.0,UT,2015.0
45,1.1142857142857143,51306.81081081081,0.006666666666666667,7.909090909090909,0.06239130434782609,12.25,8.117647058823529,0.2857142857142857,VA,2015.0
46,0.95,50010.333333333336,,7.5,0.0645,,7.2,0.0,VT,2015.0
47,1.5,53042.454545454544,0.0,14.5,0.05925,16.5,7.76,,WA,2015.0
48,0.55,55069.0,0.05,15.0,0.0661153846153846,12.75,7.781818181818181,1.3333333333333333,WI,2015.0
49,0.7,54042.857142857145,0.01,,0.0653,14.666666666666666,9.719999999999999,1.8571428571428572,WV,2015.0
50,0.3,56023.35294117647,,3.7777777777777777,0.06264285714285714,17.266666666666666,4.972727272727272,2.0,WY,2015.0
